"","MSigDBpathways5.stat","MSigDBpathways5.pval","MSigDBpathways5.p.adj","MSigDBpathways5.num.genes","MSigDBpathways5.gene.vals"
"HALLMARK_ADIPOGENESIS",-0.0122158348575908,0.579049861356245,0.922711990909831,180,"PTGER3:87, ATP1B3:88, CHUK:102, GPD2:133, MCCC1:142, SLC19A1:173, APLP2:197, PREB:284, VEGFB:348, LIFR:451, PGM1:701, G3BP2:742, SCP2:913, YWHAG:949, DRAM2:964, NDUFA5:1009, ANGPT1:1077, ACLY:1190, COQ3:1250, BAZ2A:1681, ELMOD3:1789, PPP1R15B:1862, LTC4S:2178, AK2:2192, ACADM:2259, IDH3A:2433, GPAM:2622, SCARB1:2666, ESYT1:2673, SLC5A6:2737, FZD4:2750, IFNGR1:2821, TANK:2994, SOD1:3005, ACO2:3117, SUCLG1:3138, CD36:3155, PHYH:3258, SAMM50:3396, LAMA4:3441, ACADL:3442, CS:3456, PFKFB3:3506, UQCRC1:3718, PHLDB1:3757, REEP5:4002, GADD45A:4021, IMMT:4043, ELOVL6:4202, EPHX2:4229, FABP4:4250, UBC:4360, RIOK3:4366, PEX14:4404, CRAT:4405, TOB1:4626, SDHC:4715, SSPN:4762, UQCRQ:4883, SNCG:4886, SLC27A1:4951, MRAP:5180, MRPL15:5214, DNAJC15:5224, SORBS1:5276, RNF11:5297, UBQLN1:5329, DLAT:5391, DGAT1:5528, CDKN2C:5686, PPM1B:5801, PTCD3:5804, PEMT:5846, ESRRA:5926, MAP4K3:5993, UCK1:6059, GRPEL1:6321, NDUFS3:6330, PIM3:6412, TKT:6548, C3:6793, DECR1:7052, COX6A1:7101, ITGA7:7216, NABP1:7220, GHITM:7246, RMDN3:7291, RETN:7480, AIFM1:7673, ADCY6:7761, COQ5:7764, ABCA1:7804, ITIH5:8007, CYC1:8021, QDPR:8026, DBT:8119, NDUFAB1:8151, ALDH2:8380, ANGPTL4:8421, DNAJB9:8519, ACADS:8703, ABCB8:8989, PFKL:9155, MYLK:9167, SPARCL1:9204, ECH1:9249, ORM1:9310, OMD:9443, GPAT4:9512, CYP4B1:9539, ME1:9573, DLD:9673, MGLL:9765, RTN3:9851, MGST3:9902, SLC1A5:10035, RAB34:10046, ADIPOQ:10090, CMBL:10126, FAH:10241, BCL6:10310, COX7B:10334, RREB1:10361, ACOX1:10593, TST:10688, ATL2:10891, ETFB:10926, MIGA2:11346, NKIRAS1:11409, UQCR10:11526, CCNG2:11682, NDUFB7:11784, CD151:11882, PLIN2:11930, SOWAHC:12117, HADH:12124, PPARG:12389, ARL4A:12447, SULT1A1:12513, BCL2L13:12621, PRDX3:12765, IDH1:12960, LPCAT3:12979, IDH3G:13051, GPHN:13147, JAGN1:13161, REEP6:13367, SDHB:13474, DHRS7:13519, GBE1:13778, UCP2:13797, COL4A1:13879, NMT1:13941, LIPE:14194, SLC25A1:14197, ADIPOR2:14447, ECHS1:14638, STOM:14672, AGPAT3:14675, POR:14793, PDCD4:14836, HSPB8:14871, CPT2:14906, MDH2:14934, STAT5A:14981, DHCR7:15029, CIDEA:15128, COL15A1:15149, CAT:15253, CMPK1:15292, LEP:15328, COQ9:15358, ARAF:15368, ENPP2:15411, RETSAT:15722, DHRS7B:15974, ITSN1:16011, TALDO1:16016, DDT:16041, ACAA2:16058"
"HALLMARK_ALLOGRAFT_REJECTION",-0.00654499181319856,0.768705675512041,0.922711990909831,176,"CCND3:77, TAPBP:154, IL11:178, CCR1:193, CD40:227, BRCA1:323, CD4:331, CD3G:395, CD47:464, SIT1:545, FAS:782, NCK1:798, IRF7:1084, GBP2:1106, ACHE:1124, EREG:1135, CTSS:1354, INHBA:1618, CD247:1718, EIF4G3:1734, PSMB10:1761, ABCE1:2005, HLA-DOA:2252, TRAT1:2269, RIPK2:2369, SOCS1:2408, CD2:2519, IL2RA:2542, F2R:2581, AKT1:2609, IL2RB:2679, CCL22:2762, IFNGR1:2821, ST8SIA4:2859, CSK:2872, IL9:3038, FGR:3113, MAP3K7:3170, TLR6:3210, ELF4:3318, IL15:3429, TLR1:3443, PTPRC:3523, CXCR3:3785, CXCL9:3954, F2:4179, THY1:4326, CD74:4391, TLR2:4721, EIF3A:4811, IFNG:4999, ACVR2A:5195, CDKN2A:5275, IFNGR2:5321, CD3D:5339, LIF:5454, IL2:5475, LCK:5478, UBE2D1:5538, IL1B:5541, STAB1:5590, RPS3A:5621, CD3E:5655, CD86:5671, ITGB2:5736, NLRP3:5924, CFP:6009, STAT1:6294, IL18RAP:6357, ICAM1:6360, IL16:6418, NCR1:6491, KLRD1:6540, RPS9:6546, CD79A:6605, IL4:6761, CSF1:6770, LCP2:6841, IL12B:6985, FCGR2B:7362, BCAT1:7383, LTB:7474, IL10:7530, BCL10:7571, CCL11:7691, EIF5A:7875, NCF4:7923, CARTPT:7927, HLA-DMB:8087, GZMB:8234, CCR5:8290, RPL9:8434, WAS:8471, CD1D:8566, B2M:8776, GZMA:8824, CD80:8949, TIMP1:8958, SPI1:8977, CD96:9177, IL2RG:9247, CCND2:9248, STAT4:9287, HLA-DRA:9334, PTPN6:9344, EIF3D:9366, FASLG:9403, FLNA:9577, IL6:9656, SOCS5:9739, SRGN:9852, PRKCB:9992, JAK2:10301, HIF1A:10312, IL12A:10341, CCL13:10359, ZAP70:10413, INHBB:10424, CXCL13:10516, HDAC9:10634, KRT1:10651, CD28:10689, CD8A:10890, BCL3:11005, RPL3L:11139, TGFB2:11182, IL18:11307, PRF1:11548, DEGS1:11940, TRAF2:12027, MTIF2:12081, UBE2N:12163, CD7:12281, CD8B:12575, GCNT1:12615, HCLS1:12620, IKBKB:12732, IL4R:12822, CAPG:12865, NPM1:12880, IFNAR2:12924, HLA-DMA:13017, MMP9:13037, TLR3:13064, GALNT1:13085, MBL2:13086, LY86:13164, DYRK3:13193, TGFB1:13202, CCL2:13303, ITGAL:13355, EIF3J:13415, CD40LG:13603, TNF:13639, MRPL3:13657, HLA-DQA1:13823, PRKCG:13915, NOS2:14014, ABI1:14583, IRF4:14755, APBB1:14812, CCL19:14937, EGFR:14938, IL13:15114, ITK:15194, TAP1:15233, IRF8:15505, HLA-E:15536, PF4:15625, GLMN:15685, IGSF6:15692, IL27RA:15734, CCR2:15765, MAP4K1:15992, LYN:16013, IL12RB1:16087"
"HALLMARK_ANDROGEN_RESPONSE",0.002618117482871,0.931124082407639,0.969920919174624,93,"GPD1L:63, AZGP1:139, PMEPA1:161, SLC26A2:247, ADRM1:320, HERC3:768, MERTK:965, VAPA:968, ARID5B:1000, BMPR1B:1147, B4GALT1:1170, KLK3:1286, APPBP2:1907, SGK1:2089, IQGAP2:2179, CAMKK2:2409, ALDH1A3:2778, ACTN1:3035, SEC24D:3255, MAP7:3346, DBI:3555, LMAN1:3712, STK39:3953, GSR:4003, SORD:4272, TMPRSS2:4472, HMGCR:5103, SCD:5149, SMS:5209, RPS6KA3:5255, ZMIZ1:5348, ELK4:5477, SPCS3:5529, STEAP4:5627, ANKH:5867, XRCC6:5947, PTPN21:6908, NKX3-1:6948, SRF:6989, PGM3:6996, ELOVL5:7146, B2M:7334, TNFAIP8:7349, DNAJB9:7591, UBE2I:7673, RAB4A:8049, MAK:8057, AKAP12:8314, ZBTB10:8768, KRT8:8820, SPDEF:9138, IDI1:9174, HSD17B14:9197, CCND1:9462, ACSL3:9660, RRP12:10037, ADAMTS1:10045, INSIG1:10047, ABCC4:10114, HOMER2:10163, NDRG1:10233, GNAI3:10468, NGLY1:10567, MAF:10596, PDLIM5:11043, SAT1:11044, UAP1:11092, SLC38A2:11269, FKBP5:11292, ELL2:11372, HMGCS1:11642, ABHD2:11746, XRCC5:11858, KRT19:11974, DHCR24:12235, CDC14B:12253, NCOA4:12513, UBE2J1:12772, AKT1:13501, PIAS1:13697, MYL12A:13961, PTK2B:14073, TMEM50A:14217, HPGD:14589, FADS1:15193, PLPP1:15221, INPP4B:15260, SRP19:15356, ITGAV:15362, CENPN:15564, LIFR:15659, CDK6:15868, CCND3:16033"
"HALLMARK_ANGIOGENESIS",-0.0454610847360092,0.353676651379459,0.891075226656214,35,"LUM:709, ITGAV:748, S100A4:787, PRG2:1154, COL5A2:1827, APOH:1961, STC1:2004, JAG1:2231, CXCL6:3024, FSTL1:4018, APP:4310, PTK2:4383, SLCO2A1:4778, VEGFA:4788, PGLYRP1:5186, MSX1:6032, KCNJ8:6495, LRPAP1:7658, SPP1:7722, NRP1:7847, COL3A1:7939, OLR1:8393, TIMP1:8958, CCND2:9248, VAV2:9348, SERPINA5:11910, PDGFA:12280, TNFRSF21:12806, FGFR1:12871, JAG2:13484, VTN:13503, THBD:14061, VCAN:14525, POSTN:15457, PF4:15625"
"HALLMARK_APICAL_JUNCTION",-0.00926916369997716,0.667373773498974,0.922711990909831,188,"MPZL2:15, EXOC4:33, SORBS3:97, ITGA3:231, SLIT2:411, ADAM15:446, CLDN18:507, MYH10:537, CERCAM:540, NRTN:554, AMIGO1:662, CX3CL1:688, THBS3:959, IKBKG:1248, INPPL1:1269, BAIAP2:1291, ACTG2:1294, TGFBI:1492, ITGA10:1534, MAPK14:1601, WNK4:2013, CADM3:2025, LIMA1:2069, NECTIN3:2130, VCAM1:2195, CLDN8:2256, CD276:2326, JUP:2390, VASP:2400, KRT31:2575, NECTIN4:2588, SYMPK:2627, PFN1:2780, CLDN11:2867, NFASC:2993, AKT3:3114, MPZL1:3267, TUBG1:3399, MVD:3439, CDH6:3491, CDH4:3507, PECAM1:3513, SKAP2:3515, PTPRC:3523, COL17A1:3544, DLG1:3743, TJP1:3906, EVL:3967, RHOF:4144, TRAF1:4166, ICAM2:4240, THY1:4326, PTK2:4383, CRAT:4405, PBX2:4492, NEXN:4679, ITGA2:4684, TIAL1:5016, DHX16:5030, ICAM5:5108, MAPK13:5246, ICAM4:5254, CLDN5:5256, KCNH2:5270, YWHAH:5395, NECTIN2:5420, ADAM9:5458, LAYN:5491, MSN:5492, ARHGEF6:5495, TNFRSF11B:5517, CD86:5671, SPEG:5883, SIRPA:5884, GTF2F1:5891, ADRA1B:6016, INSIG1:6063, ICAM1:6360, CLDN4:6435, CLDN15:6629, ACTG1:7284, CDH11:7408, ARPC2:7419, ITGA9:7686, CRB3:7815, LDLRAP1:7904, MMP2:8104, RASA1:8169, SDC3:8250, ACTN3:8264, GNAI2:8273, ACTN4:8295, SHROOM2:8305, CLDN6:8411, BMP1:8549, CLDN9:8576, NECTIN1:8607, GNAI1:8669, MAPK11:8701, CDH1:8737, WASL:8815, ADAMTS5:8856, NLGN3:8863, LAMB3:8929, RSU1:8948, COL9A1:8969, CDSN:8979, CDH8:9000, ACTB:9171, CLDN7:9265, RRAS:9336, VAV2:9348, TSPAN4:9390, TMEM8B:9547, ADAM23:9825, SHC1:9888, TSC1:9931, NRAP:9939, GRB7:10024, PIK3CB:10081, CALB2:10150, TAOK2:10206, LAMC2:10213, CADM2:10268, TRO:10443, PLCG1:10481, AKT2:10522, CNN2:10561, HRAS:10609, CDH15:10667, CLDN14:10730, MYL9:10802, CNTN1:10841, MYL12B:11186, STX4:11304, VWF:11313, ALOX15B:11359, SYK:11444, AMIGO2:11473, MAP4K2:11523, NLGN2:11618, SLC30A3:11785, ITGB1:11938, CD34:12002, HADH:12124, PARVA:12131, MADCAM1:12249, ACTC1:12263, SRC:12423, MYH9:12591, CAP1:12701, PARD6G:12844, CDH3:12889, AMH:12927, FBN1:12997, JAM3:13026, MMP9:13037, ACTN1:13075, CLDN19:13109, IRS1:13120, CD274:13126, VCL:13145, DSC1:13200, CD209:13374, RAC2:13523, ITGB4:13555, PTEN:13692, FSCN1:13924, NF2:13952, NF1:14339, VCAN:14525, PPP2R2C:14704, CDK8:14728, EPB41L2:14762, EGFR:14938, B4GALT1:14940, LAMA3:14982, FLNC:14985, NRXN2:14987, PCDH1:15341, ACTN2:15375, DMP1:15446, ATP1A3:15825, ZYX:15854, SGCE:15879, GAMT:15935, DSC3:16027, COL16A1:16042"
"HALLMARK_APICAL_SURFACE",0.00220981204587767,0.960645699242369,0.980250713512622,42,"ATP8B1:75, LYN:97, FLOT2:1099, B4GALT1:1170, SLC22A12:1356, ADIPOR2:1663, SLC2A4:1841, MAL:2574, RTN4RL1:2768, LYPD3:3991, MDGA1:4016, NCOA6:4640, GATA3:4872, ATP6V0A4:5589, SLC34A3:5591, EPHB4:6238, PLAUR:6443, AKAP7:6504, TMEM8B:6563, PCSK9:6753, IL2RG:6863, DCBLD2:7026, CD160:7740, SHROOM2:7805, HSPB1:8926, EFNA5:9775, GSTM3:10353, GAS1:10925, SCUBE1:11579, THY1:11784, APP:11800, AFAP1L2:12520, ADAM10:12794, PKHD1:13376, IL2RB:13431, GHRL:13623, SULF2:14271, SRPX:14560, RHCG:15208, CX3CL1:15422, BRCA1:15787, NTNG1:16002"
"HALLMARK_APOPTOSIS",-0.022880758521025,0.345638908413882,0.891075226656214,147,"DAP:79, CTH:223, BRCA1:323, JUN:385, PLPPR4:457, IGFBP6:461, PDGFRB:518, LGALS3:522, LUM:709, CYLD:732, FAS:782, ISG20:967, EREG:1135, MGMT:1157, CASP1:1585, BCL2L10:1617, ADD1:1649, RARA:1767, DNAJC3:1772, BGN:1890, SC5D:1998, PPT1:2078, PEA15:2164, TOP2A:2478, CD2:2519, F2R:2581, XIAP:2820, IFNGR1:2821, SLC20A1:2931, BMP2:2971, SOD1:3005, PAK1:3065, ERBB2:3078, EBP:3097, CTNNB1:3416, GNA15:3466, DPYD:3740, SATB1:3829, DCN:3878, CD69:3898, PLCB2:3920, GADD45A:4021, HGF:4159, F2:4179, TSPO:4281, FDXR:4298, APP:4310, PTK2:4383, ERBB3:4386, BCL2L11:4443, CREBBP:4537, MADD:4599, CDKN1B:4609, GSN:4757, RHOT2:4848, SAT1:5066, LMNA:5319, IL1B:5541, WEE1:5678, BIRC3:5755, BNIP3L:5780, CD38:5802, TIMP2:5888, DDIT3:6600, CCND1:6648, PMAIP1:6689, FEZ1:7135, HSPB1:7184, TNFSF10:7225, HMGB2:7267, BMF:7310, PPP2R5B:7425, CFLAR:7446, IRF1:7479, CAV1:7510, BCL10:7571, ANXA1:8035, MMP2:8104, SOD2:8233, HMOX1:8358, AVPR1A:8450, GADD45B:8604, BCL2L1:8951, TIMP1:8958, CCND2:9248, CDC25B:9387, FASLG:9403, PSEN1:9496, NEDD9:9506, BTG3:9533, SMAD7:9550, AIFM3:9559, IL6:9656, BID:9848, DFFA:10152, CASP4:10203, ANKH:10243, BCAP31:10279, LEF1:10307, ETF1:10585, RELA:10691, TGFBR3:10806, DNM1L:11060, TGFB2:11182, SQSTM1:11231, IL18:11307, PRF1:11548, NEFH:11786, CCNA1:11813, CDK2:11859, ROCK1:11902, EGR3:11923, IL1A:12089, GSR:12107, MCL1:12197, BIK:12214, PSEN2:12319, DIABLO:12367, KRT18:12637, BTG2:12831, CLU:13198, RNASEL:13215, BAX:13427, CASP3:13521, CASP9:13593, TNF:13639, CASP2:13691, GUCY2D:13878, IFITM3:13904, TNFRSF12A:13925, ENO2:13984, IER3:13986, CASP7:14310, ATF3:14611, PDCD4:14836, DAP3:14918, IFNB1:15186, TAP1:15233, CASP8:15374, IGF2R:15392, CDKN1A:15586, PLAT:15590, CD44:15648, GCH1:15654, TIMP3:15715, RETSAT:15722, DNAJA1:16061"
"HALLMARK_BILE_ACID_METABOLISM",0.0645578579971199,0.0237548733891456,0.296935917364321,105,"CYP46A1:46, GCLM:166, SLC27A2:271, ABCG8:329, RETSAT:388, RXRG:549, HSD3B1:618, ABCA4:659, CAT:857, SLC23A1:1351, PEX11A:1482, KLF1:1597, EFHC1:1735, LIPE:1916, TTR:1920, ABCA5:2133, HSD17B4:2173, FADS2:2239, GNPAT:2341, RXRA:2644, SULT1B1:2724, ALDH8A1:2746, NR0B2:3044, IDH1:3150, BBOX1:3199, CYP7B1:3404, GC:3445, PEX11G:3526, PEX16:3546, PNPLA8:3958, GSTK1:3980, PEX1:4006, SULT2B1:4788, CH25H:4807, NUDT12:4858, PEX13:4878, BCAR3:4976, AQP9:5044, ACSL1:5059, MLYCD:5199, CYP27A1:5500, ABCA2:5605, PECR:5727, SLCO1A2:6122, CROT:6254, AMACR:6321, PFKM:6561, PEX6:6828, SERPINA6:6849, LONP2:6902, ABCD1:6940, RBP1:6983, HACL1:7107, ABCA3:7212, GNMT:7230, ATXN1:7399, NPC1:7515, ABCA9:7735, NEDD4:7976, ABCD3:8013, CYP7A1:8056, AGXT:8186, ABCA1:8306, PEX7:8353, HSD17B6:8455, ABCG4:8576, IDH2:8729, OPTN:8818, NR3C2:9006, PAOX:9021, IDI1:9174, APOA1:9401, PEX12:9471, HSD17B11:9637, CYP39A1:9761, SLC22A18:9858, SLC27A5:9948, PIPOX:9954, NR1I2:10198, ACSL5:10240, ALDH9A1:10260, AR:10381, LCK:10632, HSD3B7:10891, SLC23A2:11006, SLC35B2:11074, ABCD2:11243, PEX26:11489, ISOC1:11557, FDXR:11812, ALDH1A1:11826, EPHX2:11881, DHCR24:12235, TFCP2L1:12316, AKR1D1:12602, ABCA8:12762, PHYH:12852, HAO1:12971, SOD1:13105, PRDX5:13148, SOAT2:13812, ABCA6:13836, NR1H4:14608, FADS1:15193, SCP2:15197"
"HALLMARK_CHOLESTEROL_HOMEOSTASIS",0.00755267834475759,0.830638706323444,0.922931895914938,68,"GPX8:847, MAL2:874, TP53INP1:1001, ADH4:1043, DHCR7:1081, ANXA13:1253, ATF3:1499, PDK3:1665, SQLE:1737, LDLR:2107, TNFRSF12A:2185, FADS2:2239, FABP5:2541, GLDC:2553, CLU:2912, SEMA3B:3180, NFIL3:3360, PPARG:3721, TM7SF2:3780, LSS:4221, ACSS2:4395, FDFT1:4835, HMGCR:5103, SCD:5149, ATF5:5159, ABCA2:5605, ALDOC:5721, HSD17B7:6081, SREBF2:6221, PLAUR:6443, ECH1:6861, GUSB:7261, ETHE1:7382, GNAI1:7441, AVPR1A:7660, PCYT2:8420, FBXO6:8509, CD9:8807, ACTG1:8826, CYP51A1:9093, IDI1:9174, TMEM97:9595, FDPS:9752, S100A11:9863, STX5:11155, CHKA:11495, ACAT2:11515, MVK:11575, HMGCS1:11642, ANTXR2:11759, NSDHL:12452, ATXN2:12482, MVD:12671, PNRC1:12676, CTNNB1:12694, PLSCR1:12824, EBP:13013, ERRFI1:13394, PMVK:13572, JAG1:13879, CPEB2:13930, SC5D:14112, ANXA5:14777, LGMN:15047, LGALS3:15588, TRIB3:15661, ALCAM:16070, STARD4:16104"
"HALLMARK_COAGULATION",0.00947502343645368,0.711805698776507,0.922711990909831,131,"ACOX2:48, C8A:57, F8:129, SH2B2:304, TIMP3:395, PF4:485, PLAT:520, GP9:572, HTRA1:617, S100A1:696, SERPINA1:747, F13B:896, THBS1:1025, MSRB2:1076, GNG12:1152, SPARC:1260, MMP8:1599, S100A13:1670, THBD:2049, SERPINC1:2477, CASP9:2517, PROS1:2552, PROZ:2669, MMP7:2894, CLU:2912, MBL2:3024, MMP9:3073, FBN1:3113, LTA4H:3212, MMP11:3254, CTSH:3530, DUSP6:3649, MEP1A:3698, FGA:3866, MST1:4320, LEFTY2:4410, CFI:4474, APOC1:4520, PLG:4609, VWF:4797, C1R:4876, MASP2:5010, DPP4:5361, C8B:6305, F3:6385, ISCU:6424, PREP:6628, HPN:6772, KLF7:6815, GNB2:6889, CTSK:6952, C1S:7056, RAPGEF3:7112, TIMP1:7152, USP11:7175, CTSE:7188, FYN:7426, PEF1:7436, ARF4:7443, CAPN2:7447, TFPI2:7484, SERPING1:7486, BMP1:7561, MMP15:7630, CTSV:7687, OLR1:7717, MMP2:8006, ANXA1:8075, SERPINB2:8324, GP1BA:8352, CTSB:8425, APOC3:8431, CD9:8807, C8G:8875, CTSO:8945, FURIN:8951, P2RY1:8967, CFH:9010, F9:9127, C3:9317, HMGCS2:9377, APOA1:9401, F11:9411, SERPINE1:9553, CAPN5:9976, F12:10310, DCT:10452, GDA:10480, TF:10497, ADAM9:10652, CRIP2:10837, TMPRSS6:10855, COMP:10936, ITGB3:11034, ANG:11144, GSN:11353, ITGA2:11426, FGG:11537, DUSP14:11638, LAMP2:11740, F2:11931, RGN:11971, MMP3:12349, CSRP1:12456, F2RL2:12581, PRSS23:12593, PECAM1:12597, SIRT2:12680, HNF4A:12687, PROC:12746, CPB2:12820, WDR1:13005, A2M:13171, PDGFB:13656, PLAU:13691, MMP14:13866, CPQ:14065, C9:14117, CFD:14146, KLKB1:14329, KLK8:14729, PLEK:14876, MMP10:14889, FN1:14980, HRG:15001, LGMN:15047, MMP1:15057, CPN1:15084, RABIF:15094, C1QA:15186, ITIH1:15311"
"HALLMARK_COMPLEMENT",-0.00729409292306615,0.74111469679332,0.922711990909831,179,"GPD2:133, KIF2A:294, ZFPM2:388, LGALS3:522, BRPF3:666, C1QC:772, ITIH1:799, PLA2G7:824, C1QA:924, RAF1:977, RABIF:1016, LGMN:1063, ADRA2B:1065, DGKH:1074, IRF7:1084, FN1:1130, CBLB:1141, PLEK:1234, ANXA5:1333, CTSS:1354, FCER1G:1508, KYNU:1560, CASP1:1585, KLKB1:1781, C9:1993, CPQ:2045, MMP14:2244, PDGFB:2454, PRSS3:2492, MSRB1:2608, CR2:2747, PFN1:2780, PIK3R5:3037, HSPA1A:3122, CD36:3155, GNGT2:3278, PLSCR1:3286, HNF4A:3423, PPP2CB:3588, CSRP1:3654, CDA:3703, EHD1:3879, GCA:3937, PPP4C:4170, F2:4179, CD46:4254, DGKG:4315, LAMP2:4370, PRDM4:4417, CASP10:4846, ANG:4966, PRCP:5166, TMPRSS6:5255, ADAM9:5458, LCK:5478, PIK3CA:5488, PIK3CG:5523, DOCK10:5527, GNAI3:5642, RASGRP1:5656, TIMP2:5888, PLA2G4A:5899, PDP1:6058, SIRT6:6309, SERPINE1:6557, IRF2:6581, USP8:6621, CD55:6767, C3:6793, HSPA5:6806, LCP2:6841, LTF:6891, S100A9:6955, GZMK:6964, KCNIP3:7011, CFH:7100, CTSO:7165, PRSS36:7203, PIM1:7368, GNB4:7375, IRF1:7479, PCLO:7576, CTSB:7685, GP1BA:7758, SERPINB2:7786, CASP5:7987, CP:8008, HPCAL4:8039, RCE1:8195, GZMB:8234, GNAI2:8273, OLR1:8393, SH2B3:8400, C4BPB:8403, CTSV:8423, WAS:8471, MMP15:8480, SERPING1:8624, TFPI2:8626, CA2:8657, FYN:8684, ITGAM:8725, F7:8756, GZMA:8824, GNG2:8868, CDK5R1:8874, TIMP1:8958, FDX1:8974, S100A12:8987, C1S:9054, GNB2:9221, PCSK9:9357, PREP:9482, PSEN1:9496, GRB2:9534, ME1:9573, IL6:9656, PLAUR:9667, F3:9725, CASP4:10203, MMP13:10297, JAK2:10301, PRKCD:10344, DYRK2:10390, USP15:10457, KCNIP2:10586, DPP4:10749, C1R:11234, GATA3:11238, STX4:11304, XPNPEP1:11492, PLG:11501, APOC1:11590, KLK1:12057, CTSL:12172, RNF4:12313, F5:12390, SRC:12423, ERAP2:12452, DUSP6:12461, CEBPB:12531, VCPIP1:12578, CTSH:12580, USP16:12594, NOTCH4:12632, APOA4:12664, USP14:12721, PSMB9:12797, LTA4H:12898, MMP12:13154, CLU:13198, CD59:13203, CASP3:13521, CASP9:13593, CD40LG:13603, SERPINC1:13633, TNFAIP3:13734, APOBEC3F:13858, LIPA:14066, CASP7:14310, RBSN:14325, S100A13:14440, LAP3:14486, MMP8:14511, CTSC:14580, ZEB1:14775, SCG3:15007, DUSP5:15062, L3MBTL4:15088, SERPINA1:15363, ACTN2:15375, DOCK4:15449, GP9:15538, PLAT:15590, SPOCK2:15717, ATOX1:15824, F8:15981, LYN:16013, AKAP10:16055"
"HALLMARK_DNA_REPAIR",-0.00387219675965222,0.877391677519237,0.94319925033206,137,"PNP:164, TAF13:380, MRPL40:431, POLR2G:647, POLR1C:791, ELL:862, CMPK2:865, UPF3B:1050, SMAD5:1318, CCNO:1338, CANT1:1478, SSRP1:1569, POLH:1869, GTF2A2:1944, REV3L:1992, POLA1:2163, IMPDH2:2174, RBX1:2184, RALA:2217, ZWINT:2229, NPR2:2251, SURF1:2462, TAF10:2579, COX17:2678, BCAM:2768, BOLA2:2978, POLR2I:3098, VPS37B:3306, AGO4:3345, CLP1:3367, POLD1:3413, APRT:3536, CDA:3703, DGUOK:3894, RFC4:4015, RFC5:4509, DDB1:4735, POLD4:4922, MPC2:5092, ADA:5126, VPS37D:5181, RRM2B:5272, NUDT21:5308, GTF2B:5320, PDE4B:5622, RAE1:5679, POLR2E:5719, NT5C:5733, TK2:5838, EDF1:5880, POLR2D:5886, GTF2F1:5891, TAF9:6031, GUK1:6136, SRSF6:6165, STX3:6230, RNMT:6241, VPS28:6954, SDCBP:7110, TP53:7127, POLR3C:7134, SAC3D1:7507, ERCC2:7605, ERCC5:7709, AK3:7727, ADCY6:7761, AAAS:7846, ERCC3:8160, RPA3:8257, SUPT5H:8326, NT5C3A:8395, RAD51:8478, TMED2:8600, ERCC8:8738, POLR2H:8786, SNAPC5:8894, USP11:8935, POLA2:9128, NME3:9176, ZNF707:9455, UMPS:9731, NELFE:9814, NCBP2:9828, GTF2H1:9845, POLB:9914, TSG101:10033, POLR3GL:10133, POLL:10185, TAF6:10242, POLR2K:10254, BCAP31:10279, RFC2:10280, DUT:10316, POLE4:10458, SNAPC4:10489, GMPR2:10745, POLR2A:10835, MPG:11144, FEN1:11197, RAD52:11379, DGCR8:11508, POLR2J:11524, ERCC4:11558, BRF2:11684, ITPA:11703, GTF3C5:11802, PDE6G:11952, DAD1:11961, CETN2:12103, POLR2C:12204, LIG1:12336, NUDT9:12361, ALYREF:12478, POLR2F:12569, HCLS1:12620, DCTN4:12834, RPA2:13043, ARL6IP1:13339, TAF12:13796, SEC61A1:13958, TAF1C:13985, XPC:14255, RFC3:14980, NME4:15162, POLD3:15172, AK1:15231, DDB2:15242, TYMS:15266, TARBP2:15432, HPRT1:15523, CSTF3:15637, PCNA:15707, ADRM1:15790, GTF2H3:15821, NELFCD:15893, ERCC1:15940, NELFB:16063"
"HALLMARK_E2F_TARGETS",0.00614743307252474,0.775078072364258,0.922711990909831,189,"BUB1B:50, SRSF1:59, PRDX4:381, PCNA:403, HNRNPD:449, MCM2:505, MSH2:510, CDKN1A:524, KIF18B:601, RAD50:657, RAN:673, E2F8:704, POLD3:938, LMNB1:984, CNOT9:1024, CENPM:1033, RFC3:1130, NAP1L1:1301, PLK1:1618, SNRPB:1791, RNASEH2A:1834, DSCC1:1894, IPO7:1994, BARD1:2034, CHEK2:2048, KIF2C:2053, NUP205:2066, DNMT1:2097, NBN:2255, CSE1L:2266, RFC1:2362, DIAPH3:2366, RAD51AP1:2540, CDC20:2550, CCNB2:2615, ESPL1:2657, SPC24:2671, TBRG4:2970, RPA2:3067, NUP107:3086, BRMS1L:3300, PNN:3415, ORC6:3420, CKS1B:3454, HUS1:3459, XPO1:3494, CTPS1:3539, ILF3:3718, LIG1:3774, MRE11:3880, EXOSC8:4062, CDKN3:4177, SUV39H1:4247, TFRC:4255, PDS5B:4281, CIT:4422, TACC3:4597, RACGAP1:4693, GSPT1:4749, PAICS:5403, RPA1:5566, POLE4:5652, PLK4:5664, PRPS1:5770, DUT:5794, DONSON:5797, RFC2:5830, UNG:5902, XRCC6:5947, CDK1:5971, BRCA2:6178, DCLRE1B:6334, GINS3:6405, WDR90:6491, SMC1A:6717, CDC25B:6723, RBBP7:6865, POLA2:6982, MYBL2:7041, RRM2:7122, NASP:7189, HMGB3:7270, EED:7391, GINS1:7394, TRA2B:7465, KIF22:7666, RANBP1:7777, UBR7:7834, RPA3:7853, KPNA2:8039, USP1:8207, LBR:8213, EIF2S1:8217, AURKB:8253, EZH2:8260, CDK4:8373, LYAR:8444, CCP110:8512, CHEK1:8568, CDCA8:8676, SLBP:8728, PRIM2:8734, TIMELESS:8792, HMGB2:8843, HMGA1:8898, PSMC3IP:8913, MCM6:8932, TP53:8983, TMPO:9065, ZW10:9144, NCAPD2:9196, SPC25:9212, RAD51C:9256, TIPIN:9261, NOLC1:9287, PRKDC:9579, KIF4A:9702, CDC25A:9756, DLGAP5:9961, MTHFD2:10040, MAD2L1:10153, CCNE1:10257, SMC4:10293, DCK:10397, CDKN2C:10424, WEE1:10432, TUBB:10491, HMMR:10555, MCM3:10578, SPAG5:10757, NUDT21:10802, CDKN2A:10835, LUC7L3:10863, MYC:10952, NUP153:10957, SYNCRIP:11047, TCF19:11135, TK1:11197, MCM4:11248, STMN1:11254, CTCF:11258, POLD2:11297, DDX39A:11312, PPM1D:11316, CDKN1B:11501, NAA38:11622, MXD3:11701, PSIP1:11923, POP7:11925, AURKA:12071, RAD21:12274, PTTG1:12496, ASF1A:12527, BIRC5:12648, POLD1:12697, TUBG1:12711, UBE2T:12776, ING3:12810, UBE2S:13042, RAD1:13182, HELLS:13208, TRIP13:13325, MMS22L:13583, TOP2A:13632, SMC6:13707, AK2:13918, CENPE:14005, NOP56:14093, ORC2:14242, PMS2:14350, DCTPP1:14362, MCM5:14373, SSRP1:14541, MLH1:14587, STAG1:14620, SMC3:14748, ANP32E:14759, GINS4:14843, ATAD2:14865, DEK:14880, ASF1B:14984, POLE:15144, DEPDC1:15686, BRCA1:15787, MELK:15886, CBX5:15910, MCM7:15949, SHMT1:15962, CDCA3:16063"
"HALLMARK_EPITHELIAL_MESENCHYMAL_TRANSITION",-0.0156146397786771,0.474774664292388,0.922711990909831,183,"PPIB:106, MCM7:161, JUN:385, SLIT2:411, EMP3:496, VEGFC:497, PDGFRB:518, CXCL12:640, LUM:709, ITGAV:748, FAS:782, COPA:823, SGCB:844, MMP1:1053, SLIT3:1066, FN1:1130, COLGALT1:1419, VIM:1466, CXCL8:1473, TGFBI:1492, LRRC15:1555, INHBA:1618, CDH2:1755, COL5A2:1827, BGN:1890, QSOX1:1895, ABI3BP:2018, VCAM1:2195, COL8A2:2222, MMP14:2244, GJA1:2623, PTHLH:2793, FBN2:2797, IGFBP2:2823, COL12A1:2839, CXCL6:3024, FUCA1:3044, MATN3:3083, PRRX1:3403, IL15:3429, CDH6:3491, BDNF:3525, MFAP5:3708, MMP3:3761, ITGA5:3795, NT5E:3819, DCN:3878, FSTL1:4018, GADD45A:4021, PTX3:4030, TNC:4124, ACTA2:4131, FGF2:4132, AREG:4146, OXTR:4223, THY1:4326, P3H1:4558, CADM1:4606, ITGA2:4684, BASP1:4775, VEGFA:4788, SAT1:5066, ITGB3:5076, COMP:5174, GAS1:5185, COL6A3:5283, SPOCK1:5331, LOXL1:5482, TNFRSF11B:5517, FSTL3:5689, SCG2:5819, FERMT2:5969, MSX1:6032, SLC6A8:6176, ADAM12:6293, SERPINE1:6557, SERPINH1:6578, GEM:6784, COL1A1:6833, COL5A3:7075, LAMA2:7112, CTHRC1:7352, IGFBP4:7401, CDH11:7408, PFN2:7412, MEST:7457, SGCG:7470, MATN2:7593, SPP1:7722, SFRP4:7748, TGM2:7878, COL3A1:7939, NID2:8060, PCOLCE2:8099, MMP2:8104, SDC4:8154, FBLN2:8171, FAP:8201, RGS4:8281, COL11A1:8497, BMP1:8549, GREM1:8567, GADD45B:8604, TFPI2:8626, PCOLCE:8658, ID2:8790, WIPF1:8830, TIMP1:8958, MYLK:9167, FBLN1:9368, GPX7:9460, FLNA:9577, DAB2:9620, IL6:9656, PLAUR:9667, TPM2:9682, DPYSL3:9815, COL1A2:9943, LAMC1:9963, LAMC2:10213, NOTCH2:10256, IGFBP3:10276, ITGB5:10339, TPM4:10394, LOX:10470, CALD1:10528, MXRA5:10708, MAGEE1:10735, ECM1:10765, MYL9:10802, TGFBR3:10806, SERPINE2:10856, GLIPR1:11283, FOXC2:11284, EDIL3:11683, SDC1:11705, CAP2:11893, ITGB1:11938, ECM2:12286, FZD8:12299, PDLIM4:12305, THBS2:12329, DKK1:12366, ANPEP:12538, CAPG:12865, PLOD3:12904, WNT5A:12905, FBN1:12997, CALU:13177, CRLF1:13180, PVR:13194, GPC1:13199, TGFB1:13202, CD59:13203, LOXL2:13663, FMOD:13723, TNFAIP3:13734, EFEMP2:13773, NNMT:13810, COL4A1:13879, TNFRSF12A:13925, COL5A1:13981, ENO2:13984, LGALS1:14064, SFRP1:14118, PLOD2:14418, VCAN:14525, SPARC:14850, LAMA3:14982, APLP1:15023, THBS1:15085, PLOD1:15190, POSTN:15457, HTRA1:15493, COL7A1:15596, SNAI2:15628, CD44:15648, TIMP3:15715, PMEPA1:15949, MGP:15998, SGCD:16008, COL16A1:16042, FBLN5:16044"
"HALLMARK_ESTROGEN_RESPONSE_EARLY",0.0266636274352545,0.218712081790889,0.891075226656214,186,"GREB1:13, TJP3:159, SLC26A2:247, SLC27A2:271, TBC1D30:298, CD44:462, CELSR1:486, ENDOD1:609, ALDH3B1:763, SOX3:836, BHLHE40:849, PTGES:862, SCNN1A:918, DHCR7:1081, BCL11B:1131, B4GALT1:1170, ARL3:1181, HSPB8:1239, DHRS2:1328, PEX11A:1482, OPN3:1497, ELF3:1533, NCOR2:1537, UNC119:1556, NPY1R:1858, BLVRB:1921, RPS6KA2:2021, FOXC1:2041, ESRP2:2055, HES1:2201, TUBB2B:2282, AMFR:2320, PDZK1:2370, RHOD:2399, LRIG1:2459, FRK:2475, SH3BP5:2501, TFF1:2651, MYOF:2675, MICB:2764, ZNF185:2785, CHPT1:2827, TMPRSS3:2891, SEMA3B:3180, TGIF2:3218, FLNB:3290, FHL2:3324, SLC1A1:3403, KRT18:3473, KAZN:3753, AFF1:3790, CALCR:3957, GFRA1:4153, EGR3:4187, TPD52L1:4317, SLC7A2:4367, PDLIM3:4415, KDM4B:4489, SLC2A1:4604, OVOL2:4691, SULT2B1:4788, FDFT1:4835, WFS1:4849, MYBBP1A:4890, NADSYN1:4948, NAV2:4955, SYNGR1:4996, CA12:5024, SLC37A1:5042, ADCY9:5217, DYNLT3:5278, MSMB:5349, ADD3:5453, SLC7A5:5484, SLC19A2:5620, INHBB:5686, JAK2:5809, CALB2:5960, SLC16A1:6042, CBFA2T3:6050, NRIP1:6253, MAPT:6330, PAPSS2:6749, ABLIM1:6792, ASB13:6799, CLDN7:6845, KCNK5:7031, ELOVL5:7146, ABCA3:7212, ADCY1:7259, SNX24:7304, RET:7456, SYT12:7502, NBL1:7695, INPP5F:7764, NXT1:7918, ELOVL2:7993, KLK10:8145, SLC22A5:8184, TGM2:8232, MLPH:8499, RAB31:8660, IGFBP4:8709, MREG:8744, KRT8:8820, SEC14L2:8841, LAD1:8939, ABAT:8997, IGF1R:9194, THSD4:9248, ITPK1:9412, PMAIP1:9421, CCND1:9462, MED13L:9583, TIAM1:9598, WWC1:9634, PGR:9671, SLC24A3:9723, RRP12:10037, SYBU:10155, KRT13:10173, MED24:10265, AR:10381, TSKU:10384, RASGRP1:10454, TFAP2C:10476, SLC1A4:10528, IL17RB:10576, IL6ST:10586, GLA:10667, MPPED2:10706, UGCG:10723, XBP1:10725, RHOBTB3:10858, MYC:10952, FCMR:11068, FARP1:11230, FKBP5:11292, ELF1:11425, TOB1:11484, TFF3:11699, MUC1:11739, ABHD2:11746, MYBL1:11929, AREG:11964, KRT19:11974, STC2:11991, OLFML3:12135, GAB2:12211, RBBP8:12277, SIAH2:12374, DEPTOR:12451, RAB17:12517, PRSS23:12593, AKAP1:12734, BAG1:13106, HR:13135, PPIF:13209, SLC39A6:13275, DHRS3:13303, CLIC3:13421, SCARB1:13444, GJA1:13487, MYB:13526, TTC39A:13581, KLF10:14047, RAPGEFL1:14055, REEP1:14060, TPBG:14269, RARA:14343, DLC1:14451, OLFM1:14514, CANT1:14632, BCL2:14696, CISH:14712, FKBP4:14763, CYP26B1:14814, ANXA9:14979, AQP3:15165, FOS:15194, MAST4:15211, ISG20L2:15334, KLF4:15373, CXCL12:15470, KRT15:15754, TIPARP:15849"
"HALLMARK_ESTROGEN_RESPONSE_LATE",0.0404386624004863,0.0621274227210611,0.517728522675509,186,"KLK11:40, ACOX2:48, TJP3:159, SLC26A2:247, ATP2B4:250, SLC27A2:271, CD44:462, HPRT1:587, SNX10:622, SERPINA1:747, ALDH3B1:763, SOX3:836, PTGES:862, SCNN1A:918, CACNA2D2:1072, DHCR7:1081, ARL3:1181, HSPB8:1239, DNAJC12:1270, PDCD4:1274, DHRS2:1328, EMP2:1345, OPN3:1497, NCOR2:1537, PRLR:1779, RNASEH2A:1834, NPY1R:1858, BLVRB:1921, RPS6KA2:2021, FOXC1:2041, SGK1:2089, CHST8:2246, AMFR:2320, PDZK1:2370, FRK:2475, UGDH:2481, FABP5:2541, CDC20:2550, NAB2:2604, TFF1:2651, MYOF:2675, MICB:2764, PERP:2781, CHPT1:2827, HSPA4L:2844, TMPRSS3:2891, SEMA3B:3180, FLNB:3290, LSR:3582, CKB:3665, AFF1:3790, NMU:3920, CALCR:3957, TRIM29:3982, EGR3:4187, SERPINA5:4200, SORD:4272, CCNA1:4297, TPD52L1:4317, PDLIM3:4415, SERPINA3:4444, STIL:4476, OVOL2:4691, SULT2B1:4788, FDFT1:4835, WFS1:4849, DUSP2:4873, ST14:4932, CA12:5024, ETFB:5184, DYNLT3:5278, DNAJC1:5368, TST:5422, ADD3:5453, SLC7A5:5484, PLK4:5664, METTL3:5780, JAK2:5809, IGSF1:5835, LAMC2:5897, SLC16A1:6042, ASS1:6206, NRIP1:6253, MAPT:6330, RABEP1:6378, CXCL14:6524, BTG3:6577, PAPSS2:6749, PTPN6:6766, KCNK5:7031, ELOVL5:7146, COX6C:7148, ABCA3:7212, ID2:7320, CDH1:7373, CA2:7453, RET:7456, TFPI2:7484, JAK1:7488, NBL1:7695, CYP4F11:7773, NXT1:7918, AGR2:8143, KLK10:8145, TPSAB1:8168, SLC22A5:8184, TH:8287, DCXR:8312, CAV1:8600, MEST:8653, RAB31:8660, IGFBP4:8709, IDH2:8729, CD9:8807, PLAC1:8837, CPE:9119, S100A9:9155, KIF20A:9200, LTF:9219, HMGCS2:9377, ITPK1:9412, CCND1:9462, TIAM1:9598, XRCC3:9600, PGR:9671, SLC24A3:9723, SLC2A8:9745, GAL:9837, ALDH3A2:10014, HOMER2:10163, KRT13:10173, MOCS2:10204, TFAP2C:10476, SLC1A4:10528, IL17RB:10576, IL6ST:10586, GLA:10667, XBP1:10725, MAPK13:10864, PLXNB1:11097, FARP1:11230, FKBP5:11292, GPER1:11453, TOB1:11484, PRKAR2B:11614, TFF3:11699, ABHD2:11746, AREG:11964, KRT19:11974, RBBP8:12277, SIAH2:12374, PRSS23:12593, PCP4:12877, ST6GALNAC2:13036, BAG1:13106, HR:13135, PPIF:13209, TSPAN13:13279, CLIC3:13421, SCARB1:13444, BATF:13491, ASCL1:13525, MYB:13526, TOP2A:13632, SCUBE2:13692, RAPGEFL1:14055, GALE:14069, TPBG:14269, FGFR3:14474, OLFM1:14514, BCL2:14696, CISH:14712, FKBP4:14763, CYP26B1:14814, ZFP36:14855, ANXA9:14979, ISG20:15143, GJB3:15160, FOS:15194, LLGL2:15257, KLF4:15373, CXCL12:15470, IMPA2:15575, TNNC1:15688, PTGER3:16023, CDC6:16028"
"HALLMARK_FATTY_ACID_METABOLISM",0.0579161056305131,0.015599676383509,0.259994606391816,151,"ACAA2:52, CA6:81, SUCLA2:111, ACOT8:145, PSME1:151, DLST:378, RETSAT:388, ADH7:423, EHHADH:436, FMO1:471, FH:774, ACSL4:869, OSTC:884, GPD1:886, CIDEA:982, BMPR1B:1147, MDH2:1176, CPT2:1204, PPARA:1237, CPOX:1375, ECHS1:1472, ADIPOR2:1663, ENO3:1739, ACSS1:1795, IL4I1:1877, PCBD1:1911, METAP1:1927, HSDL2:2005, LGALS1:2046, ENO2:2126, HSD17B4:2173, NBN:2255, RAP1GDS1:2283, ADSL:2458, UGDH:2481, CEL:2635, SDHA:2722, REEP6:2743, IDH3B:2950, IDH3G:3059, IDH1:3150, ECI2:3321, ETFDH:3339, CPT1A:3554, AADAT:3581, PTPRG:3694, HADHB:3819, MIF:3870, HADH:3986, GSTZ1:4393, MAOA:4432, HCCS:4483, HSPH1:4709, EPHX1:4714, ECI1:5009, ACSL1:5059, PTS:5196, MLYCD:5199, SMS:5209, HMGCL:5344, G0S2:5440, ODC1:5450, KMT5A:5490, ACOX1:5517, ACAA1:5927, HSD17B7:6081, CRYZ:6105, MGLL:6345, DLD:6437, INMT:6521, ME1:6537, BCKDHB:6554, ECH1:6861, UROD:7048, ELOVL5:7146, FABP1:7190, GABARAPL1:7346, HSP90AA1:7389, ACADS:7407, CA2:7453, CD1D:7544, CYP1A1:7598, AUH:7672, PDHA1:7674, SDHD:7901, GRHPR:7905, MCEE:7961, SLC22A5:8184, D2HGDH:8259, GLUL:8506, CA4:8732, SUCLG2:8776, AOC3:8870, ADH1C:9026, DECR1:9058, IDI1:9174, PRDX6:9357, HMGCS2:9377, PDHB:9535, GAPDHS:9541, TP53INP2:9621, HSD17B11:9637, ACOT2:9640, ALDH3A1:9686, TDO2:9899, GCDH:9993, ALDH3A2:10014, ACSL5:10240, ALDH9A1:10260, YWHAH:10715, HSD17B10:10865, ALAD:11104, FABP2:11164, ACADVL:11358, SDHC:11395, SERINC1:11472, ACAT2:11515, HMGCS1:11642, CRAT:11705, MDH1:11717, UBE2L6:11761, CYP4A11:11783, ALDH1A1:11826, VNN1:11877, UROS:12020, AQP7:12048, LDHA:12097, RDH11:12195, DHCR24:12235, NSDHL:12452, ACADL:12668, BLVRA:12701, ACSM3:12758, CD36:12955, SUCLG1:12972, ACO2:12993, NTHL1:13219, ACADM:13851, LTC4S:13932, BPHL:13939, GAD2:14132, CBR3:14195, S100A10:14219, HAO2:14386, NCAPH2:14567, HPGD:14589, CBR1:15028, RDH16:15307, ERP29:15885, GPD2:15977, APEX1:16018"
"HALLMARK_G2M_CHECKPOINT",0.0298934367501053,0.170103207442051,0.891075226656214,184,"SRSF1:59, PURA:246, BUB1:288, HNRNPD:449, MCM2:505, NDC80:692, HNRNPU:711, TFDP1:745, CBX1:852, CENPA:900, ORC5:973, LMNB1:984, E2F2:1014, DR1:1074, ODF2:1275, RASAL2:1322, DBF4:1543, PLK1:1618, HIRA:1678, SQLE:1737, EXO1:1752, NCL:2026, BARD1:2034, NUMA1:2036, EWSR1:2050, KIF2C:2053, TTK:2111, BUB3:2217, TOP1:2438, CDC20:2550, CCNB2:2615, ESPL1:2657, PRPF4B:2751, SLC38A1:2798, KNL1:2888, TGFB1:2908, SLC7A1:3057, RPA2:3067, UCK2:3090, ORC6:3420, CKS1B:3454, HUS1:3459, XPO1:3494, ILF3:3718, CDKN3:4177, SUV39H1:4247, PDS5B:4281, RAD23B:4391, CUL1:4462, STIL:4476, CUL3:4539, MEIS1:4546, TACC3:4597, SFPQ:4663, RACGAP1:4693, GSPT1:4749, RBL1:4980, BCL3:5105, MARCKS:5131, ATF5:5159, KIF15:5182, ODC1:5450, WRN:5458, SLC7A5:5484, KMT5A:5490, SNRPD1:5504, CHMP1A:5617, G3BP1:5658, FOXN3:5663, PLK4:5664, HIF1A:5798, INCENP:5825, NOTCH2:5854, KIF5B:5963, CDK1:5971, BRCA2:6178, MTF2:6189, CCNA2:6231, E2F3:6331, HMGN2:6358, HOXC10:6657, KIF23:6687, SMC1A:6717, CDC25B:6723, KPNB1:6770, SMARCC1:6779, POLA2:6982, CUL4A:6998, MYBL2:7041, RBM14:7043, CASP8AP2:7057, CCNT1:7066, NASP:7189, HMGB3:7270, YTHDC1:7386, TRA2B:7465, CDC45:7493, KIF22:7666, KIF20B:7879, RPS6KA5:7900, TLE3:8012, KPNA2:8039, PAFAH1B1:8147, LBR:8213, AURKB:8253, EZH2:8260, CDK4:8373, UPF1:8389, UBE2C:8443, CHEK1:8568, DKC1:8613, PRIM2:8734, LIG3:8849, E2F4:8881, HMGA1:8898, MCM6:8932, TMPO:9065, KATNA1:9069, NUP98:9268, NOLC1:9287, CCND1:9462, AMD1:9477, CDC7:9513, KIF11:9694, KIF4A:9702, MNAT1:9714, CDC25A:9756, EFNA5:9775, NUSAP1:9861, CHAF1A:9951, MAD2L1:10153, PML:10187, NEK2:10217, SMC4:10293, CDKN2C:10424, HMMR:10555, MCM3:10578, POLQ:10722, MYC:10952, TROAP:10994, SYNCRIP:11047, STMN1:11254, CTCF:11258, DDX39A:11312, CDKN1B:11501, PBK:11694, SRSF10:11866, HSPA8:11880, AURKA:12071, RAD21:12274, PTTG1:12496, NUP50:12532, BIRC5:12648, TPX2:12723, DMD:13000, UBE2S:13042, CENPF:13172, CCNF:13188, PRC1:13206, DTYMK:13595, TOP2A:13632, MEIS2:13759, ATRX:13775, EGF:13786, RAD54L:14004, CENPE:14005, PRMT5:14113, ABL1:14214, MCM5:14373, E2F1:14500, MAPK14:14509, TNPO2:14562, STAG1:14620, SAP30:14636, FANCC:14815, SMC2:15066, POLE:15144, SLC12A2:15437, TRAIP:15566, ARID4A:15667, SS18:15755, SMAD3:15939, FBXO5:15990, CDC6:16028"
"HALLMARK_GLYCOLYSIS",0.0114595290757903,0.596137184840311,0.922711990909831,187,"ECD:89, TALDO1:94, B4GALT2:302, GPC4:374, CD44:462, CITED2:469, COG2:758, CENPA:900, PLOD1:920, PGK1:958, MERTK:965, B4GALT1:1170, EGFR:1172, MDH2:1176, EXT2:1293, AGL:1513, COPB2:1516, ELF3:1533, PMM2:1544, VCAN:1585, PDK3:1665, LHX9:1685, KDELR3:1688, PLOD2:1692, PGAM1:1715, PGAM2:1730, XYLT2:1845, VLDLR:1926, RPE:1957, PGLS:1998, GNE:2090, POLR3K:2103, IER3:2124, ENO2:2126, COL5A1:2129, BPNT1:2228, B3GNT3:2466, ARPP19:2556, UGP2:2832, P4HA2:2870, GPC1:2911, HAX1:3050, NDST3:3066, GYS2:3123, IDH1:3150, B3GALT6:3283, LCT:3309, GFPT1:3461, CYB5A:3496, B4GALT7:3593, ADORA2B:3755, MIF:3870, BIK:3896, B3GAT1:4141, MPI:4230, PC:4318, NOL3:4363, SDC1:4405, NDUFV3:4445, CHST12:4572, FAM162A:4857, PKP2:5054, SLC16A3:5153, HDLBP:5336, AGRN:5354, CHPF:5559, SOX9:5574, CLN6:5581, PYGB:5741, PRPS1:5770, IGFBP3:5834, CHST4:5931, CDK1:5971, GCLC:5996, TPI1:6074, NANP:6079, TKTL1:6217, GALK1:6250, PFKFB1:6355, DLD:6437, HK2:6482, ALDH7A1:6530, ME1:6537, PYGL:6550, TPST1:6825, PSMC4:6929, PAXIP1:6931, NASP:7189, GUSB:7261, RRAGD:7283, CHST1:7325, FBP2:7461, IDUA:7521, SLC25A13:7526, CLDN9:7534, LDHC:7629, ANGPTL4:7689, DPYSL4:7780, SDC3:7860, PAM:8106, EXT1:8289, AK3:8383, CHST6:8458, PHKA2:8626, ALG1:8942, KIF20A:9200, HSPA5:9304, GAPDHS:9541, CHPF2:9571, DSC2:9650, DDIT4:9672, FUT8:9779, GAL3ST1:9913, CAPN5:9976, TGFA:10242, ALDH9A1:10260, MED24:10265, EFNA3:10322, HOMER1:10352, CLDN3:10423, HMMR:10555, GMPPA:10763, GYS1:10849, G6PD:11017, ANG:11144, STMN1:11254, VEGFA:11322, AK4:11337, SDHC:11395, GALK2:11545, PGM2:11631, TFF3:11699, MDH1:11717, PPFIA4:11751, ALDOB:11770, STC2:11991, AURKA:12071, SPAG4:12076, LDHA:12097, HS2ST1:12101, MET:12184, DCN:12232, CHST2:12276, SDC2:12278, NT5E:12291, B3GAT3:12303, NSDHL:12452, CACNA1H:12508, GMPPB:12512, PPP2CB:12522, P4HA1:12632, ME2:12637, ABCB6:12691, GOT1:12735, AKR1A1:12865, ENO1:12920, PPIA:12937, SLC37A4:13017, SOD1:13105, GNPDA1:13145, RBCK1:13194, EGLN3:13398, ANKZF1:13559, MIOX:13563, GALE:14069, GOT2:14094, STC1:14106, QSOX1:14215, TPBG:14269, B4GALT4:14435, TGFBI:14618, SAP30:14636, FKBP4:14763, IL13RA1:14893, PKM:15024, PFKP:15035, ISG20:15143, MXI1:15176, LHPP:15206, GLCE:15303, SRD5A3:15376, ZNF292:15484, DEPDC1:15686, KIF2A:15816, GPC3:15843, CTH:15887, GLRX:15973"
"HALLMARK_HEDGEHOG_SIGNALING",0.0178031937850669,0.716444563096089,0.922711990909831,35,"CELSR1:486, NF1:1771, NRP2:1893, VLDLR:1926, UNC5C:2085, SHH:3075, DPYSL2:3270, ADGRG1:3373, MYH9:3519, PTCH1:3609, RTN1:3908, NKX6-1:4323, PLG:4609, HEY2:4706, SLIT1:5070, AMOT:6620, HEY1:6666, CDK5R1:7236, RASA1:7941, TLE3:8012, NRP1:8263, CNTFR:9551, PML:10187, SCG2:10291, VEGFA:11322, L1CAM:11474, THY1:11784, NRCAM:12361, TLE1:13192, OPHN1:13214, GLI1:13622, ACHE:14986, LDB1:15254, ETS2:15491, CDK6:15868"
"HALLMARK_HEME_METABOLISM",-0.00789557483879039,0.717094665435579,0.922711990909831,184,"ISCA1:4, CCND3:77, SYNJ1:176, CLCN3:236, BTRC:308, FECH:452, CCDC28A:510, FN3K:667, TRIM58:684, LRP10:722, PICALM:872, HTATIP2:892, MXI1:934, AQP3:945, PDZK1IP1:1055, SEC14L1:1101, ASNS:1283, MINPP1:1454, PSMD9:1476, HEBP1:1503, MARK3:1505, MBOAT2:1522, ADD1:1649, MOSPD1:1782, VEZF1:1874, SLC30A1:1912, FOXO3:2087, SLC25A38:2124, CIR1:2165, EPB42:2276, GMPS:2530, FOXJ2:2600, BCAM:2768, NEK7:2833, EZH1:2877, RBM5:2989, HBQ1:3007, TMCC2:3056, ACKR1:3124, CA1:3143, BLVRA:3409, ABCB6:3419, GAPVD1:3532, NCOA4:3597, NNT:3704, HAGH:3745, MYL4:3816, SELENBP1:3929, RHD:3940, RNF19A:3992, UROS:4090, TSPO2:4180, XPO7:4256, RIOK3:4366, LAMP2:4370, CLIC2:4584, FBXO9:4618, DAAM1:4704, ELL2:4738, NARF:4903, LPIN2:4947, MOCOS:4960, ALAD:5006, ATP6V0A1:5086, HDGF:5154, ICAM4:5254, SLC4A1:5349, RAD23A:5648, TAL1:5681, BNIP3L:5780, TRAK2:5876, SLC6A8:6176, SPTA1:6200, MFHAS1:6400, BSG:6677, C3:6793, NR3C1:6850, SLC25A37:6968, RAP1GAP:7000, HBZ:7106, SDCBP:7110, ALAS2:7265, OPTN:7292, SMOX:7331, SLC7A11:7367, PPP2R5B:7425, CTSB:7685, SIDT2:7692, KLF3:7725, KEL:7941, IGSF3:7974, CTNS:7993, GATA1:8158, RBM38:8378, RNF123:8392, KAT2B:8564, EPOR:8596, CA2:8657, PIGQ:8710, AGPAT4:8905, CTSE:8922, BPGM:9001, UROD:9062, RANBP10:9113, SLC22A4:9228, TRIM10:9391, ACP5:9395, ALDH1L1:9422, OSBP2:9454, TNS1:9591, SNCA:9625, PRDX2:9699, FBXO34:9833, ATG4A:9840, MGST3:9902, GCLC:10114, SLC10A3:10284, UBAC1:10414, USP15:10457, ERMAP:10560, KHNYN:10578, HBB:10612, TFDP2:10636, RHAG:10831, TYR:10878, TNRC6B:10889, DCAF10:11028, PPOX:11036, BACH1:11077, ABCG2:11250, DMTN:11294, ADD2:11350, MPP1:11421, ACSL6:11481, GYPC:11498, SLC2A1:11506, PC:11792, TFRC:11855, AHSP:11873, YPEL5:12031, ALDH6A1:12126, DCAF11:12164, GDE1:12288, RCL1:12346, NFE2:12726, FBXO7:12728, BTG2:12831, CAST:12972, EPB41:13005, DCUN1D1:13090, SLC11A2:13172, P4HA2:13240, ADIPOR1:13282, ANK1:13444, TOP1:13672, UCP2:13797, XK:13955, ARL2BP:14073, MAP2K3:14098, PGLS:14112, EIF2AK1:14134, BLVRB:14189, HTRA2:14204, LMO2:14450, KLF1:14513, NFE2L1:14643, CPOX:14735, CDR2:14889, MKRN1:14924, GLRX5:14945, SLC30A10:15035, E2F2:15096, BMP2K:15208, CAT:15253, KDM7A:15309, SPTB:15389, FTCD:15459, ARHGEF12:15476, ENDOD1:15501, GYPA:15664, NUDT4:15675, HMBS:15766, SLC6A9:15876, GCLM:15944"
"HALLMARK_HYPOXIA",-0.0136177547942254,0.534136494020447,0.922711990909831,182,"GLRX:137, PKLR:187, JMJD6:199, TIPARP:261, GPC3:267, JUN:385, IDS:513, ZNF292:626, PGM1:701, DTNA:702, S100A4:787, FOS:916, MXI1:934, ISG20:967, PFKP:1075, NDST2:1085, LXN:1115, ZFP36:1255, PPARGC1A:1275, BCL2:1414, SAP30:1474, TGFBI:1492, SRPX:1550, FBP1:1776, TPBG:1841, BGN:1890, KLF6:1903, STC1:2004, FOXO3:2087, PDGFB:2454, ANKZF1:2551, HS3ST1:2648, SCARB1:2666, ERRFI1:2716, RBPJ:2775, PRDX5:2962, SLC37A4:3093, ENO1:3190, PNRC1:3434, P4HA1:3478, PFKFB3:3506, NDST1:3555, SIAH2:3736, SDC2:3832, CHST2:3834, DCN:3878, SELENBP1:3929, BCAN:3953, TES:3980, VHL:4000, LDHA:4013, STC2:4119, LALBA:4235, ALDOB:4340, PPFIA4:4359, PGM2:4479, CDKN1B:4609, AK4:4773, VEGFA:4788, GPI:4837, NOCT:4983, HAS1:5143, TGFB3:5213, GYS1:5261, GAPDH:5508, BNIP3L:5780, EFNA3:5788, PLAC8:5860, NDRG1:5877, CDKN1C:5916, PCK1:6060, KIF5A:6195, DDIT4:6438, SERPINE1:6557, GAPDHS:6569, DDIT3:6600, HSPA5:6806, NR3C1:6850, PGF:7109, EDN2:7162, PIM1:7368, CAV1:7510, AKAP12:7796, WSB1:7809, EXT1:7821, TGM2:7878, PDK1:7905, PAM:8004, CP:8008, PYGM:8086, SDC4:8154, GRHPR:8205, ATP7A:8216, SDC3:8250, DPYSL4:8330, HMOX1:8358, ANGPTL4:8421, LDHC:8481, KLHL24:8650, TMEM45A:8670, FOSL2:8693, GAA:8726, RRAGD:8827, TPST2:8847, PFKL:9155, KLF7:9295, NEDD4L:9302, BRS3:9317, PKP1:9609, HK2:9628, IL6:9656, PLAUR:9667, F3:9725, GALK1:9860, TKTL1:9893, TPI1:10036, CHST3:10103, B4GALNT2:10210, IGFBP3:10276, ALDOC:10389, INHA:10411, AMPD3:10422, LOX:10470, HDLBP:10774, ADM:11035, PRKCA:11065, CA12:11086, GCK:11135, ANXA2:11142, FAM162A:11253, SULT2B1:11322, BTG1:11364, XPNPEP1:11492, PHKG1:11505, SLC2A1:11506, GCNT2:11547, CCNG2:11682, HEXA:11694, ACKR3:11806, KDM3A:11871, PLIN2:11930, EFNA1:11948, MIF:12240, ADORA2B:12355, MYH9:12591, MAP3K1:12724, NFIL3:12750, B3GALT6:12827, SLC6A6:13152, GPC1:13199, P4HA2:13240, UGP2:13278, IGFBP1:13470, DUSP1:13512, HOXB9:13685, TNFAIP3:13734, GBE1:13778, COL5A1:13981, ENO2:13984, IER3:13986, SLC2A3:14083, PPP1R15A:14166, VLDLR:14184, SLC25A1:14197, ILVBL:14207, ENO3:14371, PGAM2:14380, KDELR3:14422, SLC2A5:14438, PDK3:14445, ATF3:14611, EGFR:14938, PGK1:15152, CSRP2:15199, BHLHE40:15261, HK1:15431, NCAN:15463, CDKN1A:15586, CITED2:15641, STBD1:15657, GPC4:15736, NAGK:15805"
"HALLMARK_IL2_STAT5_SIGNALING",-0.0240046954332669,0.269389036396687,0.891075226656214,185,"ALCAM:40, CCND3:77, CDC6:82, PNP:164, GLIPR2:182, PRAF2:198, BATF3:245, CST7:342, TNFSF11:375, SWAP70:491, SYT11:583, TNFRSF9:587, PENK:678, ITGAV:748, PLPP1:889, ANXA4:1076, PRKCH:1309, SYNGR2:1312, NCOA3:1375, CISH:1398, BCL2:1414, SOCS2:1459, CYFIP1:1488, ICOS:1507, TNFRSF18:1667, ITGA6:1854, ETV4:1864, KLF6:1903, SNX14:2202, LRRC8C:2339, SOCS1:2408, SH3BGRL2:2425, CD48:2504, IL2RA:2542, BATF:2619, PLEC:2644, IL2RB:2679, DHRS3:2807, IFNGR1:2821, BMP2:2971, HOPX:3061, PLSCR1:3286, IL18R1:3353, P4HA1:3478, F2RL2:3529, PRNP:3701, SELL:3800, NT5E:3819, IKZF4:3858, AHR:4102, TRAF1:4166, SMPDL3A:4171, ST3GAL4:4199, ENPP1:4333, MUC1:4371, PHLDA1:4428, IL10RA:4725, RGS16:4967, MYC:5158, IRF6:5227, XBP1:5385, CKAP4:5415, AGER:5427, LIF:5454, P2RX4:5467, WLS:5539, PLAGL1:5560, CD86:5671, CCNE1:5853, NDRG1:5877, NFKBIZ:5892, CDKN1C:5916, SHE:5935, CD79B:6236, SERPINB6:6337, TIAM1:6512, MXD1:6654, DENND5A:6750, CSF1:6770, DRC1:6877, IGF1R:6916, IL1R2:7035, TNFRSF1B:7061, FURIN:7159, TNFSF10:7225, CTLA4:7301, CSF2:7313, PHTF2:7340, PIM1:7368, SLC29A2:7426, LTB:7474, IL10:7530, TWSG1:7545, TNFRSF4:7592, SPP1:7722, NRP1:7847, TGM2:7878, MYO1E:7880, BMPR2:7892, ITIH5:8007, NCS1:8022, SLC39A8:8082, HIPK2:8122, GATA1:8158, GSTO1:8470, COCH:8493, MAP6:8516, PTRH2:8546, CAPN3:8591, GADD45B:8604, AHNAK:8643, CA2:8657, GABARAPL1:8764, RRAGD:8827, PUS1:8872, ETFBKMT:8917, RNH1:8923, BCL2L1:8951, NOP2:9045, CCND2:9248, CDCP1:9270, HK2:9628, CD81:9719, UMPS:9731, AMACR:9789, SLC1A5:10035, FAH:10241, IKZF2:10488, CD83:10572, AHCY:10659, ODC1:10660, ECM1:10765, SPRY4:10910, RABGAP1L:11022, SCN9A:11137, LCLAT1:11445, PDCD2L:11778, PLIN2:11930, FGL2:12006, ADAM19:12029, PTGER2:12141, DCPS:12147, ABCB1:12341, SNX9:12401, ARL4A:12447, PTCH1:12501, NFIL3:12750, TNFRSF21:12806, IL4R:12822, CAPG:12865, GPR83:12978, UCK2:13020, TTC39B:13213, ITGAE:13485, CASP3:13521, SERPINC1:13633, LRIG1:13651, MAPKAPK2:13788, IFITM3:13904, EOMES:14079, SLC2A3:14083, MYO1C:14093, POU2F1:14221, ENO3:14371, IL1RL1:14391, CTSZ:14570, SPRED2:14702, IRF4:14755, HUWE1:14769, IL3RA:14863, SELP:14881, TLR7:14984, APLP1:15023, IL13:15114, BHLHE40:15261, PTH1R:15385, IGF2R:15392, S100A1:15414, IRF8:15505, CD44:15648, EEF1AKMT1:15730, CXCL10:15747, TNFRSF8:15845, GALM:16093, MAP3K8:16101"
"HALLMARK_IL6_JAK_STAT3_SIGNALING",-0.0344042255709182,0.285527104196976,0.891075226656214,82,"CCR1:193, JUN:385, FAS:782, TNFRSF1A:948, IL1R1:1103, IL13RA1:1217, LEPR:1256, TYK2:1619, MYD88:1975, IFNAR1:2187, PTPN2:2294, SOCS1:2408, IL2RA:2542, PDGFC:2735, IFNGR1:2821, A2M:2939, PIK3R5:3037, CD36:3155, ACVRL1:3312, IL18R1:3353, CSF3R:3554, PLA2G2A:3672, CXCL9:3954, IL10RB:4361, TLR2:4721, IL15RA:4749, ITGB3:5076, ITGA4:5184, IL17RA:5271, IFNGR2:5321, IL6ST:5524, IL17RB:5534, IL1B:5541, INHBE:5667, STAT2:5797, CD38:5802, STAT1:6294, CNTFR:6559, CSF1:6770, IL1R2:7035, TNFRSF1B:7061, DNTT:7080, CBL:7082, CD9:7303, CSF2:7313, PIM1:7368, LTB:7474, IRF1:7479, IRF9:7824, STAM2:8328, HMOX1:8358, CRLF2:8472, ACVR1B:8997, CXCL11:9022, IL2RG:9247, GRB2:9534, IL6:9656, PTPN11:9797, CXCL13:10516, SOCS3:11008, LTBR:11381, BAK1:11416, CSF2RB:11567, CSF2RA:11601, OSMR:12098, TNFRSF21:12806, IL4R:12822, HAX1:13060, STAT3:13107, TGFB1:13202, PTPN1:13460, TNF:13639, TNFRSF12A:13925, IL3RA:14863, EBI3:15315, REG1A:15477, PF4:15625, CD44:15648, CXCL10:15747, IL9R:15788, IL12RB1:16087, MAP3K8:16101"
"HALLMARK_INFLAMMATORY_RESPONSE",-0.0905808477237049,3.07715669652583e-05,0.00153857834826292,185,"TAPBP:154, CD40:227, GPC3:267, MSR1:399, EDN1:401, EMP3:496, PDPN:532, TNFRSF9:587, KCNJ2:648, CX3CL1:688, PTGER4:767, CCL17:868, RNF144B:901, SEMA4D:961, RAF1:977, ITGB8:1054, IRF7:1084, IL1R1:1103, EREG:1135, TACR3:1233, APLNR:1452, CXCL8:1473, INHBA:1618, OPRK1:1665, CXCR6:1803, TPBG:1841, KLF6:1903, PROK2:2032, CCL24:2033, TNFSF15:2148, IFNAR1:2187, MMP14:2244, SLC28A2:2295, LY6E:2297, KIF1B:2306, BEST1:2341, RIPK2:2369, VIP:2491, CD48:2504, ATP2B1:2545, IL2RB:2679, CCL22:2762, KCNA3:2888, CXCL6:3024, PIK3R5:3037, IL18R1:3353, PCDH7:3417, IL15:3429, TLR1:3443, GNA15:3466, CSF3R:3554, CCL20:3788, ITGA5:3795, SELL:3800, CCRL2:3802, CHST2:3834, CD69:3898, MET:3926, CXCL9:3954, SGMS2:3986, RGS1:4100, AHR:4102, PTPRE:4263, ADGRE1:4295, CCR7:4300, IFITM1:4316, NMUR1:4659, PTGIR:4705, TLR2:4721, IL10RA:4725, IL15RA:4749, ATP2A2:4829, RGS16:4967, ITGB3:5076, MYC:5158, ACVR2A:5195, ICAM4:5254, IFNGR2:5321, LIF:5454, BST2:5464, P2RX4:5467, LCK:5478, NMI:5490, NAMPT:5520, IL1B:5541, STAB1:5590, PDE4B:5622, GNAI3:5642, RASGRP1:5656, HBEGF:5771, CLEC5A:5781, CD70:5862, NLRP3:5924, SCARF1:6150, IL18RAP:6357, ICAM1:6360, NDP:6458, SERPINE1:6557, NOD2:6562, MXD1:6654, RTP4:6737, CD55:6767, CSF1:6770, LCP2:6841, IL7R:6943, IL12B:6985, SLC31A2:7009, CSF3:7020, TNFRSF1B:7061, CYBB:7215, TNFSF10:7225, NFKBIA:7288, OSM:7395, TNFAIP6:7416, P2RX7:7468, IRF1:7479, IL10:7530, MEFV:7654, SLC4A4:7726, GP1BA:7758, SPHK1:7782, ABCA1:7804, OLR1:8393, C5AR1:8659, CMKLR1:8677, FZD5:8691, TACR1:8788, TIMP1:8958, ACVR1B:8997, CXCL11:9022, DCBLD2:9084, CD82:9216, NFKB1:9279, HPN:9338, PSEN1:9496, IL6:9656, PLAUR:9667, SELENOS:9720, F3:9725, HAS2:10169, HIF1A:10312, GPR183:10454, RELA:10691, LTA:10938, SLC1A2:10958, EIF2AK2:10978, ADM:11035, AQP9:11066, LAMP3:11133, IL18:11307, FFAR2:11353, CALCRL:11510, SLC31A1:11533, C3AR1:11653, SLC7A2:11743, GABBR1:11991, IL1A:12089, OSMR:12098, PTGER2:12141, SELE:12200, SCN1B:12254, IRAK2:12284, ADORA2B:12355, MEP1A:12412, TNFSF9:12499, IL4R:12822, BTG2:12831, SLC7A1:13053, TLR3:13064, SLC11A2:13172, PVR:13194, CCL2:13303, LDLR:14003, LPAR1:14123, AXL:14202, ABI1:14583, ATP2C1:14716, HRH1:14791, EBI3:15315, MARCO:15475, CDKN1A:15586, GCH1:15654, CXCL10:15747, ADRM1:15790, LYN:16013"
"HALLMARK_INTERFERON_ALPHA_RESPONSE",-0.036606227555455,0.258672535723471,0.891075226656214,81,"DDX60:85, PARP14:160, IFI44:241, SAMD9L:316, GMPR:445, CD47:464, ADAR:485, CMPK2:865, IFI44L:919, ISG20:967, CNP:995, IRF7:1084, GBP2:1106, BATF2:1387, LGALS3BP:1465, CASP1:1585, LPAR6:1966, LY6E:2297, RIPK2:2369, TRIM25:2447, TRIM14:2782, PLSCR1:3286, IL15:3429, IFI35:3543, SELL:3800, CCRL2:3802, IFITM1:4316, UBE2L6:4349, CD74:4391, ELF1:4685, MVB12A:5233, BST2:5464, TRIM5:5487, NMI:5490, STAT2:5797, IRF2:6581, SLC25A28:6729, RTP4:6737, CSF1:6770, IFIH1:7153, IRF1:7479, TRIM26:7716, IRF9:7824, CMTR1:8010, HERC6:8499, UBA7:8548, B2M:8776, MOV10:8981, CXCL11:9022, C1S:9054, TRAFD1:9383, PARP12:9806, TRIM21:9947, PNPT1:10073, RNF31:10357, EIF2AK2:10978, LAMP3:11133, OGFR:11553, TMEM140:11644, NUB1:11891, TDRD7:12125, IFI30:12322, PSME2:12497, PSMB9:12797, IL4R:12822, RSAD2:12957, PROCR:13038, DHX58:13039, NCOA7:13541, MX1:13806, IFITM3:13904, LAP3:14486, IFI27:15068, USP18:15171, TAP1:15233, CASP8:15374, PSMB8:15481, EPSTI1:15560, OASL:15644, CXCL10:15747, PSME1:15959"
"HALLMARK_INTERFERON_GAMMA_RESPONSE",-0.00490581685356944,0.827890424094137,0.922931895914938,171,"DDX60:85, TAPBP:154, PARP14:160, PNP:164, CD40:227, IFI44:241, SAMD9L:316, VAMP5:394, ADAR:485, AUTS2:539, FAS:782, CMPK2:865, IFI44L:919, ISG20:967, PFKP:1075, IRF7:1084, IDO1:1206, NCOA3:1375, BATF2:1387, LGALS3BP:1465, SLAMF7:1480, ITGB7:1579, CASP1:1585, PSMB10:1761, MYD88:1975, VCAM1:2195, PTPN2:2294, LY6E:2297, RIPK2:2369, SOCS1:2408, TRIM25:2447, SAMHD1:2571, IL2RB:2679, TRIM14:2782, ST8SIA4:2859, EIF4E3:2892, RBCK1:2916, GBP6:3255, PLSCR1:3286, IL15:3429, IFI35:3543, CD69:3898, CXCL9:3954, NUP93:4046, UBE2L6:4349, CD74:4391, ISOC1:4553, APOL6:4627, RIPK1:4640, IL10RA:4725, IL15RA:4749, SSPN:4762, CIITA:5422, BST2:5464, NMI:5490, NAMPT:5520, PDE4B:5622, CD86:5671, IRF5:5692, STAT2:5797, CD38:5802, PLA2G4A:5899, PML:5923, MTHFD2:6070, BANK1:6255, STAT1:6294, ICAM1:6360, IRF2:6581, OAS2:6657, IL18BP:6685, SLC25A28:6729, RTP4:6737, LCP2:6841, CFH:7100, IFIH1:7153, ZBP1:7198, TNFSF10:7225, NFKBIA:7288, PIM1:7368, TNFAIP6:7416, IRF1:7479, TRIM26:7716, IRF9:7824, CMTR1:8010, LYSMD2:8115, TNFAIP2:8206, SOD2:8233, ST3GAL5:8271, HERC6:8499, SERPING1:8624, CMKLR1:8677, XAF1:8712, B2M:8776, GZMA:8824, BPGM:9001, CXCL11:9022, C1S:9054, NFKB1:9279, STAT4:9287, FCGR1A:9322, PTPN6:9344, ZNFX1:9369, TRAFD1:9383, PSMB2:9592, MVP:9640, IL6:9656, PARP12:9806, TRIM21:9947, PNPT1:10073, XCL1:10093, CASP4:10203, JAK2:10301, HIF1A:10312, RNF31:10357, HLA-DRB1:10630, EIF2AK2:10978, SOCS3:11008, UPP1:11212, C1R:11234, PELI1:11287, BTG1:11364, OGFR:11553, CSF2RB:11567, SECTM1:11745, FGL2:12006, PTGS2:12046, TDRD7:12125, HLA-B:12303, IFI30:12322, ARL4A:12447, PSME2:12497, TOR1B:12518, PSMB9:12797, IL4R:12822, IFNAR2:12924, RSAD2:12957, HLA-DMA:13017, DHX58:13039, STAT3:13107, CD274:13126, NOD1:13184, CCL2:13303, VAMP8:13403, PTPN1:13460, OAS3:13510, CASP3:13521, TNFAIP3:13734, MX1:13806, HLA-DQA1:13823, IFITM3:13904, MX2:14296, CASP7:14310, RNF213:14340, LATS2:14396, LAP3:14486, IRF4:14755, SELP:14881, IFI27:15068, ARID5B:15110, USP18:15171, TAP1:15233, CASP8:15374, PSMB8:15481, IRF8:15505, EPSTI1:15560, CDKN1A:15586, OASL:15644, GCH1:15654, CXCL10:15747, NLRC5:15927, PSME1:15959"
"HALLMARK_KRAS_SIGNALING_DN",0.0339826186885011,0.120796242881755,0.754976518010966,182,"NOS1:18, HNF1A:126, FSHB:128, GAMT:175, TCL1A:279, SLC25A23:300, KCNE2:513, MAST3:628, HTR1D:669, NRIP2:732, CAPN9:949, SCN10A:1017, BMPR1B:1147, TENM2:1257, NPHS1:1483, KRT4:1582, ZBTB16:1617, RGS11:1768, SMPX:1923, TLX1:1930, BARD1:2034, SGK1:2089, MX1:2304, PAX3:2411, YPEL1:2485, CD40LG:2507, IL5:2661, SPRR3:2663, VPREB1:2754, COL2A1:2793, MYH7:2850, FGF16:2939, MYOT:2993, OXT:3128, RSAD2:3153, GPR19:3194, CKM:3195, BTG2:3279, PAX4:3344, ARHGDIG:3407, NR4A2:3477, TGM1:3517, CDH16:3685, SERPINA10:3782, CPA2:3846, ACTC1:3847, LYPD3:3991, THRB:4150, KLHDC8A:4222, GP2:4280, CCNA1:4297, GTF3C5:4308, SLC30A3:4325, P2RX6:4344, SLC38A3:4425, ITGB1BP2:4478, FGF22:4504, DLK2:4762, TGFB2:4928, COPZ2:5073, MTHFR:5094, CAMK1D:5114, SPTBN2:5144, YBX2:5211, KRT1:5459, PDK2:5572, PNMT:5707, UPK3B:5744, ASB7:5786, ABCB11:5788, HTR1B:5889, CALCB:5961, FGGY:6016, SYNPO:6113, ATP4A:6316, COQ8A:6419, CHRNG:6480, PKP1:6501, BRDT:6522, KLK7:6725, THNSL2:6746, MFSD6:6784, KCND1:6829, CDKAL1:6866, EDAR:6935, CD80:7161, SSTR4:7191, EPHA5:7218, CPEB3:7260, KCNN1:7267, HSD11B2:7520, IDUA:7521, LFNG:7801, SLC6A3:7906, GPR3:8001, DTNB:8059, NTF3:8064, ITIH3:8077, ENTPD7:8221, P2RY4:8251, GDNF:8257, SERPINB2:8324, GP1BA:8352, MEFV:8456, ATP6V1B1:8522, ABCG4:8576, ALOX12B:8771, TEX15:8828, CD207:8888, KRT5:8940, EDN2:8948, SLC12A3:9057, PROP1:9068, NUDT11:9118, IL12B:9125, NGB:9332, ZC2HC1C:9408, INSL5:9439, GRID2:9443, PLAG1:9549, CNTFR:9551, CCDC106:9666, KCNQ2:9678, WNT16:9739, CYP39A1:9761, SLC6A14:9796, AMBN:9862, ARPP21:10130, KRT13:10173, CACNG1:10189, MYO15A:10207, MAGIX:10294, SKIL:10360, SOX10:10412, DCC:10435, CCR8:10460, TFAP2B:10591, AKR1B10:10718, EFHD1:10729, LGALS7:10853, CPB1:10884, KMT2D:11003, IFNG:11111, C5:11129, PTGFR:11259, TNNI3:11343, RIBC2:11683, SHOX2:12001, GPRC5C:12009, PTPRJ:12091, CLSTN3:12132, CHST2:12276, TFCP2L1:12316, CLDN16:12321, SPHK2:12383, NR6A1:12564, SLC29A3:12572, TG:12664, SLC5A5:12737, PDE6B:12753, SIDT1:12822, IRS4:12829, TSHB:13063, SLC16A7:13076, IGFBP2:13287, PDCD1:13366, TCF7L1:13482, SNCB:13726, EGF:13786, CLDN8:13854, CACNA1F:14300, STAG3:14364, FGFR3:14474, KLK8:14729, TFF2:14788, CLPS:15010, IFI44L:15191, KCNMB1:15639, EDN1:15709, KRT15:15754, ADRA2C:15901, ZNF112:15933"
"HALLMARK_KRAS_SIGNALING_UP",-0.000307811446685957,0.98861349068148,0.98861349068148,188,"MPZL2:15, TMEM100:65, GLRX:137, PCSK1N:162, ADGRA2:372, KLF4:737, PIGR:907, KCNN4:1058, EREG:1135, MMP10:1221, GADD45G:1237, USP12:1306, ENG:1315, CTSS:1354, AVL9:1365, SNAP91:1389, APOD:1406, NR1H4:1502, FCER1G:1508, PTCD2:1577, INHBA:1618, ADGRL4:1644, ETV4:1864, MALL:2058, JUP:2390, PLAU:2419, PRELID3B:2562, VWA5A:2704, ZNF277:2743, PPBP:2789, HSD11B1:2811, TSPAN13:2831, TOR1AIP2:2909, HOXD11:2970, BMP2:2971, FUCA1:3044, BTBD3:3089, CLEC4A:3106, PCP4:3233, PTPRR:3315, PRRX1:3403, ACE:3511, PECAM1:3513, LAT2:3550, CCL20:3788, ST6GAL1:3822, SATB1:3829, PRDM1:3914, TRIB2:3987, ARG1:4152, TRAF1:4166, NIN:4189, GFPT2:4503, ZNF639:4602, TRIB1:4637, ITGA2:4684, IL10RA:4725, RGS16:4967, ADAM17:5426, LIF:5454, IL1B:5541, TNNT2:5610, ITGB2:5736, FBXO4:5741, BIRC3:5755, HBEGF:5771, WDR33:5882, MAFB:6427, PEG3:6579, KIF5C:6736, USH1C:6818, TFPI:6915, IL7R:6943, CPE:6991, TNFRSF1B:7061, CBL:7082, DOCK2:7088, CFH:7100, PTBP2:7190, CSF2:7313, RETN:7480, SPON1:7539, SCG5:7651, RBP4:7701, SPP1:7722, AKAP12:7796, NRP1:7847, LY96:7864, ETV5:7991, ADAM8:8037, DNMBP:8038, CDADC1:8069, PRKG2:8143, CBR4:8368, PDCD1LG2:8413, ANGPTL4:8421, ITGBL1:8502, CCSER2:8517, RBM4:8616, CA2:8657, CMKLR1:8677, ID2:8790, MMD:8883, FGF9:8995, BPGM:9001, DCBLD2:9084, IGF2:9143, PLEK2:9188, SPARCL1:9204, LCP1:9229, IL2RG:9247, CCND2:9248, EPHB2:9351, ATG10:9569, PLAUR:9667, GABRA3:9757, SPRY2:9809, CROT:9856, EPB41L3:10227, SDCCAG8:10233, ANKH:10243, WNT7A:10247, IGFBP3:10276, IL1RL2:10317, ANXA10:10326, AKT2:10522, SOX9:10536, HDAC9:10634, G0S2:10670, NAP1L2:10918, RABGAP1L:11022, ALDH1A2:11344, FLT4:11410, F13A1:11443, GYPC:11498, GNG11:11566, CSF2RA:11601, TMEM176B:11623, C3AR1:11653, SERPINA3:11666, AMMECR1:11733, LAPTM5:11941, TMEM158:11958, CAB39L:11980, PTGS2:12046, SNAP25:12063, YRDC:12064, SCN1B:12254, ABCB1:12341, DUSP6:12461, GPRC5B:12710, MAP3K1:12724, MAP7:12764, MMP11:12856, SEMA3B:12930, CBX8:12933, MMP9:13037, NR0B2:13066, TSPAN1:13113, MTMR10:13137, SLPI:13156, ALDH1A3:13332, TMEM176A:13337, TNFAIP3:13734, BTC:13789, NGF:13853, EVI5:14165, PPP1R15A:14166, STRN:14272, IKZF1:14595, ANO1:14747, ETV1:14776, TSPAN7:14902, SCG3:15007, CIDEA:15128, HKDC1:15330, GALNT3:15339, CD37:15443, PSMB8:15481, IL33:15504, IRF8:15505, MYCN:15551, PLAT:15590, TPH1:15670, GPNMB:15706, CXCL10:15747, MAP4K1:15992, ADAMDEC1:16094"
"HALLMARK_MITOTIC_SPINDLE",-0.0178522675564993,0.40547954625263,0.922711990909831,190,"SOS1:94, FBXO5:120, ARHGEF3:228, UXT:363, CLIP2:437, CYTH2:442, TUBGCP2:534, MYH10:537, DYNLL2:691, NCK1:798, MAP3K11:1357, TRIO:1361, SMC3:1362, KNTC1:1768, ARFIP2:1817, MAPRE1:1847, SHROOM1:1856, ABL1:1896, ARAP3:1996, CENPE:2105, KIF1B:2306, ARHGEF11:2411, ARHGAP10:2452, CEP192:2477, TOP2A:2478, CNTROB:2578, ANLN:2617, ECT2:2773, ATG4B:2815, OPHN1:2896, PRC1:2904, CENPF:2938, SPTBN1:2956, WASF2:3055, CLASP1:3108, TPX2:3387, TLK1:3421, BIRC5:3462, SASS6:3472, TUBGCP6:3512, FGD6:3613, AKAP13:3653, DLG1:3743, RANBP9:3776, CLIP1:3823, AURKA:4039, CDC42EP1:4133, RHOF:4144, NIN:4189, CENPJ:4208, MID1:4220, BCL2L11:4443, ARFGEF1:4448, PREX1:4458, RICTOR:4487, CEP57:4500, ARHGAP27:4548, PKD2:4551, GSN:4757, RHOT2:4848, FARP1:4880, CNTRL:4882, PDLIM5:5067, EZR:5101, SSH2:5399, RABGAP1:5437, BCAR1:5567, MARK4:5601, HOOK3:5620, RASA2:5794, SMC4:5817, ARHGEF2:5869, NEK2:5893, ARHGEF7:5911, TUBA4A:5951, HDAC6:5983, NCK2:6029, ARHGAP29:6049, LLGL1:6067, CDK5RAP2:6095, KIF3C:6132, DLGAP5:6149, NUSAP1:6249, KIF4A:6408, KIF11:6416, TIAM1:6512, LRPPRC:6787, MAP1S:6847, CSNK1D:7008, TUBGCP3:7037, KATNA1:7041, ALMS1:7063, DOCK2:7088, KIF3B:7102, RAB3GAP1:7257, CEP72:7345, SAC3D1:7507, PXN:7533, SORBS2:7675, KIFAP3:7808, CDC42:7861, WASF1:7862, MYO1E:7880, PAFAH1B1:7963, ARHGAP5:7992, RASA1:8169, KIF20B:8231, NET1:8279, ACTN4:8295, SHROOM2:8305, KIF22:8444, STK38L:8464, CDC42BPA:8623, YWHAE:8630, CAPZB:8732, RAPGEF5:8795, WASL:8815, CEP250:8864, APC:9110, SMC1A:9393, KIF23:9423, NEDD9:9506, FLNA:9577, PIF1:9602, RALBP1:9627, ALS2:9811, CDC42EP2:9907, TSC1:9931, BRCA2:9932, SYNPO:9997, CDK1:10139, KIF5B:10147, TAOK2:10206, NOTCH2:10256, INCENP:10285, CEP131:10555, CTTN:10557, SUN2:10778, ARHGAP4:10892, BCR:10905, KIF15:10928, MARCKS:10979, BIN1:11030, ARHGDIA:11221, RACGAP1:11417, ARL8A:11528, ROCK1:11902, ARF6:12047, PPP4R2:12489, MYH9:12591, FGD4:12748, FLNB:12820, EPB41:13005, VCL:13145, ESPL1:13453, CCNB2:13495, KPTN:13572, PCM1:13730, RFC1:13748, PLEKHG2:13903, FSCN1:13924, TTK:13999, KIF2C:14057, NUMA1:14074, CDC42EP4:14295, NF1:14339, CD2AP:14385, STAU1:14407, PLK1:14492, ABI1:14583, TBCD:14730, EPB41L2:14762, RASAL2:14788, LATS1:14792, CKAP5:15065, ABR:15104, LMNB1:15126, MYO9B:15303, KATNB1:15404, NDC80:15418, DOCK4:15449, ARHGEF12:15476, CCDC88A:15592, TUBGCP5:15667, TUBD1:15712, PALLD:15741, BUB1:15822, MID1IP1:15873, PCGF5:15946, ITSN1:16011"
"HALLMARK_MTORC1_SIGNALING",-0.00476378669153521,0.826945976233164,0.922931895914938,184,"STARD4:6, GLRX:137, PNP:164, CTH:223, TRIB3:449, POLR3G:610, SHMT2:655, PGM1:701, ACTR3:809, FADS1:917, LGMN:1063, UCHL5:1186, ACLY:1190, ASNS:1283, TOMM40:1456, CORO1A:1457, FKBP2:1620, PSMG1:1688, PSMD14:1732, ARPC5L:1828, EIF2S2:1934, SC5D:1998, STC1:2004, PPA1:2137, PSAT1:2350, CYB5B:2361, RIT1:2429, GMPS:2530, EGLN3:2712, NFYC:2754, CCNF:2922, SLC37A4:3093, EBP:3097, GGA2:3146, PPIA:3173, ENO1:3190, ATP6V1D:3242, GOT1:3375, SERP1:3392, TUBG1:3399, P4HA1:3478, SKAP2:3515, HSP90B1:3627, SLA:3643, DHCR24:3875, RDH11:3915, TES:3980, LDHA:4013, MTHFD2L:4032, AURKA:4039, IMMT:4043, ELOVL6:4202, FDXR:4298, HMGCS1:4468, AK4:4773, DDX39A:4798, ATP2A2:4829, GPI:4837, MCM4:4862, PSMC6:4968, HSPD1:4997, G6PD:5093, NUFIP1:5193, XBP1:5385, DHFR:5407, GLA:5443, CCNG1:5505, GAPDH:5508, NAMPT:5520, SLC1A4:5582, ITGB2:5736, TUBA4A:5951, CFP:6009, INSIG1:6063, MTHFD2:6070, PSME3:6126, CDC25A:6354, DDIT4:6438, ACSL3:6450, TMEM97:6515, SERPINH1:6578, DDIT3:6600, SYTL2:6707, HSPA5:6806, SRD5A1:6861, IGFBP5:6873, EEF1E1:6930, IDI1:6936, CYP51A1:7017, USO1:7103, RAB1A:7205, CD9:7303, SLC7A11:7367, BCAT1:7383, SEC11A:7476, CCT6A:7509, PDK1:7905, QDPR:8026, RRP9:8354, ELOVL5:8964, RRM2:8988, PFKL:9155, PSMC4:9181, PRDX1:9405, PHGDH:9420, PNO1:9558, ME1:9573, HK2:9628, IFRD1:9785, ACTR2:9842, GTF2H1:9845, PSMD12:9955, SLC1A5:10035, TPI1:10036, GCLC:10114, UNG:10208, ABCF2:10269, PSMD13:10471, COPS5:10479, RPA1:10544, ETF1:10585, SLC7A5:10626, ADD3:10657, PSMB5:10751, HSPE1:10861, SCD:10961, HMGCR:11007, GSK3B:11023, SQSTM1:11231, HSPA9:11373, SLC2A1:11506, NUPR1:11563, SORD:11838, TFRC:11855, FGL2:12006, GSR:12107, CANX:12251, IFI30:12322, TM7SF2:12330, PSMC2:12453, SSR1:12583, NFIL3:12750, BTG2:12831, NFKBIB:12832, LTA4H:12898, IDH1:12960, EDEM1:13100, SLC6A6:13152, TBK1:13228, CACYBP:13334, STIP1:13378, M6PR:13715, GBE1:13778, FADS2:13871, YKT6:13929, NMT1:13941, HSPA4:13969, LDLR:14003, NUP205:14044, SLC2A3:14083, MAP2K3:14098, CALR:14125, PPP1R15A:14166, VLDLR:14184, SQLE:14373, PLOD2:14418, UFM1:14444, ADIPOR2:14447, PLK1:14492, CTSC:14580, DHCR7:15029, PGK1:15152, PITPNB:15249, BHLHE40:15261, RPN1:15500, HPRT1:15523, CDKN1A:15586, MCM2:15605, HMBS:15766, TXNRD1:15803, BUB1:15822, PDAP1:15829, DAPP1:15994, PSMA4:16040"
"HALLMARK_MYC_TARGETS_V1",0.0203882710041502,0.353218072727585,0.891075226656214,181,"SRSF1:59, PSMA4:70, NOP16:214, PRDX4:381, PCNA:403, AIMP2:442, HNRNPD:449, HNRNPC:472, MCM2:505, HPRT1:587, RAN:673, HNRNPU:711, TFDP1:745, TYMS:844, YWHAQ:953, PGK1:958, SNRPA:1012, HNRNPA2B1:1095, EIF4H:1183, PSMB3:1261, SRSF7:1272, NAP1L1:1301, CCT2:1445, ACP1:1633, HDAC2:1682, SRM:1818, SNRPD2:1984, BUB3:2217, TCP1:2309, CDC20:2550, EIF3J:2695, FBL:2849, EIF4A1:3030, SNRPD3:3065, NPM1:3230, PSMA1:3327, PRDX3:3345, XPO1:3494, CSTF2:3506, HSP90AB1:3515, CTPS1:3539, RPL22:3778, CANX:3859, POLE3:3884, PRPS2:3919, RPLP0:3924, PCBP1:3935, GNL3:4008, PTGES3:4011, SF3A1:4041, CDK2:4251, PPM1G:4387, RAD23B:4391, PABPC1:4436, CUL1:4462, DDX18:4486, RRM1:4528, PRPF31:4537, MRPL9:4545, SERBP1:4593, RPS10:4598, FAM120A:4707, GSPT1:4749, TRIM28:4929, VDAC3:5111, HSPE1:5249, PABPC4:5273, TARDBP:5411, EEF1B2:5426, ODC1:5450, SNRPD1:5504, ETF1:5525, COPS5:5631, G3BP1:5658, EIF4G2:5736, DUT:5794, VDAC1:5821, XRCC6:5947, SF3B3:6055, C1QBP:6062, CBX3:6104, CCNA2:6231, RNPS1:6240, MRPS18B:6271, NHP2:6276, NCBP2:6282, HNRNPA1:6318, IFRD1:6325, PSMB2:6518, EIF3D:6744, KPNB1:6770, SMARCC1:6779, RPS6:6789, PSMC4:6929, UBE2E1:7023, SNRPG:7285, TRA2B:7465, YWHAE:7480, CDC45:7493, RRP9:7756, RANBP1:7777, NDUFAB1:7959, KPNA2:8039, CYC1:8089, USP1:8207, GLO1:8209, EIF2S1:8217, CDK4:8373, TOMM70:8652, CLNS1A:8812, MCM6:8932, AP3S1:9189, NOLC1:9287, CCT5:9353, DDX21:9396, EIF1AX:9767, PSMD7:9895, PSMD1:9959, MAD2L1:10153, NCBP1:10475, RPS3:10504, LSM7:10595, MYC:10952, HDGF:10956, SYNCRIP:11047, HSPD1:11113, PSMC6:11142, HDDC2:11157, MCM4:11248, POLD2:11297, RPL6:11527, PHB2:11649, RSL1D1:11672, RFC4:12095, LDHA:12097, SSB:12104, SNRPA1:12284, PSMD3:12490, EIF3B:12503, TXNL4A:12601, EXOSC7:12729, PWP1:12791, PPIA:12937, STARD7:12999, ILF2:13099, VBP1:13695, TUFM:13717, CNBP:13849, CAD:13885, IMPDH2:13936, RPL14:13992, COX5A:14003, RPL34:14025, NOP56:14093, GOT2:14094, ABCE1:14105, PSMA7:14134, EIF2S2:14176, ORC2:14242, MCM5:14373, PSMD14:14378, PSMD8:14428, RACK1:14520, RUVBL2:14554, RPL18:14596, SLC25A3:14722, SRPK1:14864, DEK:14880, SNRPB2:14927, UBA2:15129, PSMA6:15136, ERH:15495, CCT4:15522, CCT3:15672, DHX15:15682, MCM7:15949, SET:15952, XPOT:15955, APEX1:16018, HNRNPR:16057, CCT7:16091"
"HALLMARK_MYC_TARGETS_V2",0.0266792215944758,0.500014950268036,0.922711990909831,54,"NOP16:214, AIMP2:442, PLK1:1618, SRM:1818, MAP3K6:2184, EXOSC5:2684, UTP20:2863, TBRG4:2970, NPM1:3230, IMP4:3719, RCL1:3764, GNL3:4008, PPRC1:4235, SORD:4272, DDX18:4486, DUSP2:4873, MYBBP1A:4890, RABEPK:5084, WDR74:5117, MPHOSPH10:5126, HSPE1:5249, MRTO4:5302, WDR43:5486, PLK4:5664, UNG:5902, CBX3:6104, HK2:6482, NDUFAF4:6946, NOP2:7065, PUS1:7238, RRP9:7756, CDK4:8373, TFB2M:8477, SLC29A2:8684, NOLC1:9287, TMEM97:9595, PES1:9661, BYSL:9877, RRP12:10037, LAS1L:10142, MYC:10952, HSPD1:11113, MCM4:11248, IPO4:11897, TCOF1:12515, FARSA:13377, NOP56:14093, GRWD1:14274, DCTPP1:14362, MCM5:14373, NOC4L:14470, PRMT3:14856, SUPV3L1:15919, SLC19A1:15937"
"HALLMARK_MYOGENESIS",0.0207513416815742,0.356430090662486,0.891075226656214,172,"NOS1:18, SGCD:102, CDKN1A:524, MYH3:648, ACTN2:735, BHLHE40:849, KIFC3:854, AK1:879, TCAP:883, COL15A1:961, CAV3:1078, AEBP1:1083, HSPB8:1239, SPARC:1260, AGL:1513, MYL6B:1636, NOTCH1:1653, SH3BGR:1699, PGAM2:1730, ENO3:1739, NQO1:1891, MYH1:2008, MYO1C:2017, HDAC5:2086, ATP2A1:2279, PTGIS:2326, MYBPC3:2340, ITGB4:2555, ANKRD2:2660, PTP4A3:2706, MYH7:2850, TGFB1:2908, CLU:2912, CHRNA1:3047, SOD3:3097, MYH11:3139, FLII:3191, CKM:3195, TSC2:3340, MYH9:3519, MYOM1:3652, CKB:3665, KLF5:3726, PSEN2:3791, CRYAB:3832, ACTC1:3847, LPIN1:4159, ITGB1:4172, CKMT2:4274, TPD52L1:4317, PC:4318, LSP1:4511, MYOG:4661, CSRP3:4722, TEAD4:4789, FOXO4:4844, NAV2:4955, ACSL1:5059, BIN1:5080, SCD:5149, ADCY9:5217, AGRN:5354, TNNI1:5503, AKT2:5588, NCAM1:5601, ITGB5:5771, TNNI2:5806, IGFBP3:5834, MYF6:6002, CASQ2:6220, IFRD1:6325, TPM2:6428, FHL1:6474, CHRNG:6480, IGFBP7:6538, PFKM:6561, PLXNB2:6596, SMTN:6624, PICK1:6645, ABLIM1:6792, MYLK:6943, MYBPH:6971, MYL7:7072, GAA:7384, FST:7402, GADD45B:7506, TNNT1:7770, ACTN3:7846, CTF1:7855, PYGM:8024, GJA5:8046, WWTR1:8047, COL3A1:8171, SPHK1:8328, SGCA:8379, GABARAPL2:8523, TNNC2:8532, SGCG:8640, ITGA7:8894, TPM3:8928, MYH4:8979, LAMA2:8998, PDLIM7:9052, LDB3:9129, MAPK12:9134, SPDEF:9138, COL1A1:9277, FDPS:9752, ADAM12:9817, SLC6A8:9934, TNNT3:9947, MAPRE3:9957, CACNG1:10189, SPEG:10227, MYL1:10297, HRC:10319, HBEGF:10339, CHRNB1:10347, TNNT2:10500, MEF2D:10527, MB:10699, COL6A3:10827, SORBS1:10834, KCNH2:10840, SSPN:11348, GSN:11353, FABP3:11674, CRAT:11705, ERBB3:11724, PPFIA4:11751, APP:11800, DES:11864, FGF2:11978, STC2:11991, GNAO1:12065, EPHB3:12239, MYL4:12294, PRNP:12409, VIPR1:12414, CACNA1H:12508, DAPK2:12529, DMPK:12557, SIRT2:12680, EIF4A2:12716, CD36:12955, DMD:13000, PKIA:13062, BAG1:13106, MYOM2:13124, EFS:13230, MRAS:13605, RIT1:13681, RB1:13782, CASQ1:13792, COX6A2:13921, SH2B1:13999, REEP1:14060, MEF2A:14100, CFD:14146, ATP6AP1:14418, MEF2C:14601, PVALB:14619, APLNR:14658, APOD:14704, SYNGR2:14798, ACHE:14986, MYH8:15021, IGF1:15157, OCEL1:15204, DTNA:15408, TNNC1:15688, SORBS3:16013"
"HALLMARK_NOTCH_SIGNALING",-0.0340172955974843,0.506786177066852,0.922711990909831,32,"KAT2A:237, DTX2:628, SKP1:1156, PPARD:1165, SAP30:1474, FZD1:1980, RBX1:2184, JAG1:2231, FZD7:2266, APH1A:3461, NOTCH3:3941, DTX4:4168, CCND1:6648, TCF7L2:6998, DLL1:7233, ST3GAL6:7834, LFNG:8309, WNT2:8647, FZD5:8691, DTX1:9531, NOTCH2:10256, PSENEN:10721, PRKCA:11065, CUL1:11648, HEYL:12314, PSEN2:12319, WNT5A:12905, FBXW11:13539, HES1:13909, NOTCH1:14457, MAML2:14745, ARRB1:14763"
"HALLMARK_OXIDATIVE_PHOSPHORYLATION",-0.0178799915102635,0.426854286408589,0.922711990909831,172,"ISCA1:4, SUPV3L1:191, OPA1:194, MRPS15:282, MRPS30:317, COX5B:333, NDUFA1:641, MRPS22:669, ATP6V0E1:695, MRPS12:724, AFG3L2:829, NDUFA5:1009, TIMM10:1030, NDUFB1:1209, COX10:1359, SLC25A3:1388, ATP6V1E1:1519, ATP6AP1:1692, NDUFV2:1741, PDHX:1878, MPC1:1904, GOT2:2016, COX5A:2107, NDUFS2:2146, NDUFA7:2155, TIMM50:2253, ACADM:2259, OAT:2331, NDUFB6:2340, ATP1B1:2410, IDH3A:2433, SURF1:2462, COX17:2678, CYCS:2692, ACO2:3117, SUCLG1:3138, TIMM9:3234, ATP6V1D:3242, PHYH:3258, NDUFA3:3263, NDUFA9:3322, ABCB7:3344, CS:3456, UQCRH:3631, NNT:3704, UQCRC1:3718, SLC25A20:3952, LDHA:4013, IMMT:4043, MTRR:4064, TIMM8B:4128, NDUFB3:4212, MDH1:4393, PHB2:4461, SDHC:4715, ACADVL:4752, GPI:4837, PMPCA:4842, RHOT2:4848, UQCRQ:4883, NDUFA8:5017, MRPL15:5214, HSD17B10:5245, DLAT:5391, ACAT1:5474, MTX2:5479, COX6B1:5717, ACADSB:5806, SLC25A11:5961, NDUFB8:6014, PDP1:6058, GRPEL1:6321, NDUFS3:6330, OXA1L:6425, COX7A2L:6514, ATP6V1H:6526, PDHB:6575, NDUFC1:6748, NDUFS1:6786, LRPPRC:6787, MFN2:6911, DECR1:7052, MAOB:7060, COX6A1:7101, NDUFS7:7263, IDH2:7381, ETFA:7427, TOMM70:7458, CYB5R3:7493, AIFM1:7673, NDUFB5:7723, SLC25A5:7830, CYC1:8021, NDUFAB1:8151, SDHD:8209, UQCRFS1:8223, MRPL11:8386, PDHA1:8436, NDUFA2:8508, NDUFS8:8610, COX6C:8962, FDX1:8974, ECH1:9249, SLC25A4:9298, SLC25A12:9446, COX7A2:9618, DLD:9673, ISCU:9686, MGST3:9902, MRPS11:9982, ACAA1:10183, VDAC1:10289, COX7B:10334, NDUFB2:10484, TCIRG1:10517, ATP6V1G1:10803, ETFB:10926, VDAC3:10999, ECI1:11101, HSPA9:11373, UQCR10:11526, HCCS:11627, TOMM22:11645, COX4I1:11652, NDUFS4:11777, NDUFB7:11784, ALDH6A1:12126, HADHB:12291, COX11:12527, CPT1A:12556, POLR2F:12569, CYB5A:12614, PRDX3:12765, ETFDH:12771, MRPL35:12798, MRPL34:12935, IDH1:12960, IDH3G:13051, IDH3B:13160, PDK4:13236, OGDH:13296, FXN:13315, SDHA:13388, BAX:13427, SDHB:13474, BDH2:13511, UQCRB:13527, MTRF1:13729, ATP6V0B:13918, NDUFV1:14011, GLUD1:14070, HTRA2:14204, ATP6V1C1:14206, SLC25A6:14281, CASP7:14310, NDUFS6:14524, NQO2:14608, ECHS1:14638, POR:14793, HADHA:14852, MDH2:14934, UQCRC2:15191, RHOT1:15198, FH:15336, ALAS1:15460, ATP6V1F:15709, NDUFA6:15711, RETSAT:15722, DLST:15732, LDHB:15955, SUCLA2:15999, ACAA2:16058"
"HALLMARK_P53_PATHWAY",0.0122049484047791,0.578386133493404,0.922711990909831,181,"GLS2:30, LDHB:155, NHLH2:270, RETSAT:388, PCNA:403, CDKN2AIP:450, CDKN1A:524, RHBDF2:825, DDB2:868, TAP1:877, AK1:879, PLK3:1188, FBXW7:1202, HINT1:1267, STOM:1438, ATF3:1499, WRAP73:1574, ZBTB16:1617, NOTCH1:1653, VDR:1657, XPC:1855, IER5:1898, PPP1R15A:1944, IER3:2124, SEC61A1:2152, CYFIP2:2210, ZNF365:2352, TRIAP1:2547, ITGB4:2555, JAG2:2626, RXRA:2644, BAX:2683, VAMP8:2707, PERP:2781, HSPA4L:2844, TGFB1:2908, DRAM1:2918, ZFP36L1:2988, PROCR:3072, DNTTIP2:3079, RAB40C:3127, BTG2:3279, ABHD4:3364, MDM2:3499, RPS12:3547, TNFSF9:3611, RNF19B:3669, IFI30:3788, PDGFA:3830, ABCC5:3894, PLK2:3937, IL1A:4021, AEN:4051, RALGDS:4074, KIF13B:4145, EPS8L2:4201, TPD52L1:4317, NUDT15:4350, EPHA2:4397, SDC1:4405, NUPR1:4547, MKNK2:4626, IP6K2:4659, BAK1:4694, EPHX1:4714, BTG1:4746, ALOX15B:4751, FAM162A:4857, UPP1:4898, TSPYL2:4923, ST14:4932, TPRKB:5065, SLC3A2:5367, IRAK1:5444, RAP2B:5488, HRAS:5501, TNNI1:5503, NOL8:5530, SLC19A2:5620, INHBB:5686, DEF6:6168, ZMAT3:6388, CD81:6391, COQ8A:6419, ISCU:6424, CEBPA:6458, PLXNB2:6596, TRAFD1:6727, RPL36:6803, CCND2:6862, CD82:6894, ACVR1B:7113, CDK5R1:7236, PIDD1:7338, STEAP3:7405, HDAC3:7599, CSRNP2:7698, HMOX1:7752, CTSF:8292, DCXR:8312, SPHK1:8328, ERCC5:8401, KRT17:8441, CCP110:8512, SLC7A11:8743, SP1:8937, TP53:8983, ABAT:8997, SERTAD3:9209, RAD51C:9256, MXD1:9456, DDIT3:9510, TCN2:9522, DDIT4:9672, WWP1:9728, NDRG1:10233, TGFA:10242, HBEGF:10339, CCNG1:10605, LIF:10656, CGRRF1:10676, CDKN2A:10835, ADA:10984, SAT1:11044, RGS16:11143, RCHY1:11180, PMM1:11294, PPM1D:11316, TOB1:11484, APP:11800, FDXR:11812, PTPRE:11847, TP63:11855, GADD45A:12089, TAX1BP3:12179, EI24:12203, NINJ1:12257, APAF1:12338, FUCA1:13066, BMP2:13139, VWA5A:13406, MAPKAPK3:13448, PRMT2:13451, F2R:13529, SOCS1:13702, RB1:13782, PHLDA3:14015, FOXO3:14023, PITPNC1:14208, S100A10:14219, POLH:14241, TRAF4:14496, CDKN2B:14508, RACK1:14520, CASP1:14525, RPL18:14596, PRKAB1:14686, SESN1:14708, GM2A:14713, DGKA:14715, KLK8:14729, SERPINB5:14793, BAIAP2:14819, SLC35D1:14935, HEXIM1:15086, FOS:15194, TM7SF3:15223, RRP8:15272, S100A4:15323, FAS:15328, PTPN14:15330, KLF4:15373, RAD9A:15379, RPS27L:15389, CLCA2:15598, TRIB3:15661, JUN:15725, TM4SF1:15758, MXD4:15914, ANKRA2:16009, CCND3:16033"
"HALLMARK_PANCREAS_BETA_CELLS",0.054768874668119,0.250734172329945,0.891075226656214,37,"HNF1A:126, ABCC8:784, SYT13:1019, INSM1:1312, ISL1:1385, IAPP:1622, VDR:1657, LMO2:1660, PCSK2:2156, PAX4:3344, NKX6-1:4323, G6PC2:4340, GCK:4975, DPP4:5361, ELP4:5665, GCG:5717, DCX:5917, SCGN:6510, SLC2A2:6767, SRP9:6813, NKX2-2:7694, FOXA2:8451, SEC11A:8634, SPCS1:8854, PAX6:9273, MAFB:9683, NEUROD1:9744, CHGA:10326, PDX1:10438, NEUROG3:11543, STXBP1:11774, PAK3:12819, PCSK1:12872, AKT3:12996, FOXO1:15559, PKLR:15923, SST:16080"
"HALLMARK_PEROXISOME",0.0506014845149731,0.0835124418413893,0.59651744172421,100,"ACOT8:145, ERCC1:170, CACNA1B:192, PEX2:206, SLC27A2:271, RETSAT:388, EHHADH:436, MSH2:510, RXRG:549, ABCC8:784, CAT:857, ACSL4:869, PEX5:934, PEX11A:1482, CLN8:1716, FIS1:1820, TTR:1920, NUDT19:2061, IDE:2127, HSD17B4:2173, GNPAT:2341, ALB:2499, CEL:2635, IDH1:3150, ECI2:3321, CTPS1:3539, ABCB1:3769, ABCC5:3894, GSTK1:3980, SEMA3C:4125, PABPC1:4436, SULT2B1:4788, PEX13:4878, ACSL1:5059, MLYCD:5199, HMGCL:5344, HRAS:5501, ACOX1:5517, CLN6:5581, ACAA1:5927, MVP:6470, PEX11B:6676, PRDX1:6705, SLC25A19:6730, SMARCC1:6779, SLC25A4:6812, PEX6:6828, SERPINA6:6849, ECH1:6861, LONP2:6902, STS:6916, ABCD1:6940, ELOVL5:7146, ATXN1:7399, HSD11B2:7520, CDK7:7580, SOD2:7877, ERCC3:7950, ABCD3:8013, SLC25A17:8191, BCL10:8539, ABCB4:8667, IDH2:8729, VPS4B:9094, IDI1:9174, HSD17B11:9637, FDPS:9752, CTBP1:10095, NR1I2:10198, ACSL5:10240, ALDH9A1:10260, YWHAH:10715, HSD3B7:10891, SLC23A2:11006, SLC35B2:11074, ABCD2:11243, FABP6:11295, CADM1:11504, ISOC1:11557, CRAT:11705, PEX14:11706, ALDH1A1:11826, TSPO:11829, EPHX2:11881, RDH11:12195, DHCR24:12235, ESR2:12801, SOD1:13105, PRDX5:13148, DHRS3:13303, TOP2A:13632, CNBP:13849, DLG4:14145, CRABP1:14155, SIAH1:14239, CRABP2:14245, HAO2:14386, ABCB9:15130, FADS1:15193, SCP2:15197"
"HALLMARK_PI3K_AKT_MTOR_SIGNALING",0.0104542937748834,0.724623586936198,0.922711990909831,97,"RALB:51, DAPP1:116, MAP2K6:433, CAB39:489, CDKN1A:524, GNA14:994, EGFR:1172, PRKAR2A:1254, CALR:1985, MAP2K3:2012, MAPK10:2135, NGF:2257, RPTOR:2412, PTEN:2418, ADCY2:2597, MAPK8:2717, CFL1:2731, TBK1:2882, NOD1:2926, NFKBIB:3278, YWHAB:3316, TSC2:3340, UBE2N:3947, PAK4:4038, TRAF2:4083, CAB39L:4130, PLCB1:4168, CDK2:4251, FGF22:4504, SLC2A1:4604, MKNK2:4626, MAPKAP1:4647, SMAD2:4808, SQSTM1:4879, ARHGDIA:4889, DUSP3:4941, GSK3B:5087, RPS6KA3:5255, HRAS:5501, PLCG1:5629, PPP2R1B:5738, CDK1:5971, PRKCB:6118, ACTR2:6268, PTPN11:6313, GNGT1:6507, GRB2:6576, FASLG:6707, ITPR2:6785, ARPC3:6820, IL2RG:6863, GRK2:7644, PIKFYVE:7878, PDK1:8205, CDK4:8373, AP2M1:9172, IL4:9349, DDIT3:9510, TIAM1:9598, MAPK1:9883, THEM4:9900, FGF6:10307, STAT2:10313, MKNK1:10324, CAMK4:10544, LCK:10632, MAPK9:11031, VAV3:11226, PLA2G12A:11233, RIPK1:11470, CDKN1B:11501, ATF1:12003, AKT1S1:12100, PPP1CA:12269, SLA:12467, HSP90B1:12483, MAP3K7:12940, PRKAG1:13057, PFN1:13330, ECSIT:13495, AKT1:13501, RIT1:13681, PIN1:13704, PITX2:13897, MYD88:14135, E2F1:14500, IRAK4:15029, RAF1:15133, FGF17:15152, TNFRSF1A:15162, CLTC:15259, ACTR3:15301, NCK1:15312, TRIB3:15661, RPS6KA1:15976, ARF1:15988, PRKAA2:16019"
"HALLMARK_PROTEIN_SECRETION",-0.0126088559838879,0.682071341178388,0.922711990909831,90,"OCRL:67, SCAMP1:116, ARF1:122, ARFGAP3:179, AP3B1:188, CLCN3:236, CLTA:818, CLTC:851, ANP32E:1351, ERGIC3:1860, STX7:2012, PPT1:2078, KIF1B:2306, VAMP4:2438, NAPA:2917, SOD1:3005, RAB5A:3006, ICA1:3019, SH3GL2:3164, CAV2:3189, TSPAN8:3213, ADAM10:3316, AP1G1:4321, LAMP2:4370, RAB2A:4410, COPB1:4414, ARFGEF1:4448, STAM:4523, GOSR2:4669, SSPN:4762, SCAMP3:5163, STX12:5212, ARFIP1:5342, GLA:5443, ARCN1:5526, BNIP3:5556, VAMP3:5867, MAPK1:6227, ATP6V1H:6526, SCRN1:6739, AP3S1:6921, AP2M1:6938, ZW10:6966, VPS4B:7016, USO1:7103, CLN5:7114, ATP6V1B1:7588, RAB9A:7628, ABCA1:7804, PAM:8004, VAMP7:8172, ATP7A:8216, SEC31A:8482, GNAS:8579, TMED2:8600, AP2S1:8735, SNAP23:9954, CD63:9991, TSG101:10033, COPE:10681, RPS6KA3:10855, SEC22B:10972, TOM1L1:10995, DNM1L:11060, ATP1A1:11176, NAPG:11390, GOLGA4:11642, LMAN1:12398, KRT18:12637, SEC24D:12855, GBF1:12913, M6PR:13715, YKT6:13929, MON2:13998, BET1:14215, AP2B1:14284, CTSC:14580, COPB2:14594, EGFR:14938, VPS45:14994, TMED10:15072, COG2:15352, RAB22A:15357, IGF2R:15392, SGMS1:15510, ARFGEF2:15544, YIPF6:15869, TMX1:15891, RER1:15948, GALC:15963"
"HALLMARK_REACTIVE_OXYGEN_SPECIES_PATHWAY",0.0273543103931797,0.527387874332611,0.922711990909831,45,"GCLM:166, ATOX1:286, TXNRD1:307, PRDX4:381, NDUFA6:399, CAT:857, MSRA:1411, MBP:1595, NQO1:1891, STK25:3280, GSR:4003, HMOX2:4093, ABCC1:4183, LSP1:4511, HHEX:4845, FES:5577, GCLC:5996, IPCEF1:6352, SELENOS:6390, PRDX2:6411, PRDX1:6705, PTPA:6735, PDLIM1:6970, GLRX2:7616, SBNO2:7845, SOD2:7877, TXNRD2:7964, ERCC2:8505, JUNB:9086, PRDX6:9357, EGLN2:9639, G6PD:11017, SCAF4:11641, MPO:12205, PRNP:12409, SRXN1:12531, LAMTOR5:12640, SOD1:13105, FTL:13113, NDUFS2:13964, OXSR1:14778, PFKP:15035, CDKN2D:15657, MGST1:15894, GLRX:15973"
"HALLMARK_SPERMATOGENESIS",0.0644435582624387,0.0129666499855993,0.259994606391816,128,"NOS1:18, TALDO1:94, BUB1:288, DDX4:519, IFT88:675, GSG1:793, MLLT10:875, ADAM2:997, CLPB:1013, SCG3:1103, MTNR1A:1244, PRKAR2A:1254, TCP11:1409, ACTL7B:1416, DBF4:1543, SIRT1:1605, SLC2A5:1672, TULP2:1738, ZPBP:1939, KIF2C:2053, ZNRF4:2069, TTK:2111, IDE:2127, NF2:2158, GAD1:2293, DMRT1:2310, CCNB2:2615, MEP1B:2624, HSPA4L:2844, CLGN:2922, POMC:3037, THEG:3043, JAM3:3084, OAZ3:3295, MAP7:3346, CCT6B:3510, ARL4A:3663, CHFR:3675, COIL:3751, DNAJB8:3777, STRBP:3852, SPATA6:4018, LPIN1:4159, CDKN3:4177, AGFG1:4233, CCNA1:4297, NEFH:4324, PACRG:4389, HTR5A:4442, ALOX15:4481, PGS1:4550, PCSK4:4871, GPR182:4881, HSPA1L:5031, VDAC3:5111, YBX2:5211, CLVS1:5231, ART3:5248, DDX25:5257, TSN:5333, ELOVL3:5470, PARP2:5791, ACRV1:5894, CDK1:5971, ACRBP:5998, HSPA2:6125, TKTL1:6217, TEKT2:6308, CSNK2A2:6342, PRM2:6701, AKAP4:6827, ODF1:7087, CHRM4:7425, NCAPH:7511, LDHC:7629, STAM2:7782, HOXB1:8063, TSSK2:8116, EZH2:8260, CRISP2:8290, SCG5:8459, TUBA3C:8761, DPEP3:8803, HBZ:9004, ZC2HC1C:9408, GAPDHS:9541, GMCL1:9629, TLE4:9925, SHE:10175, NEK2:10217, GSTM3:10353, DCC:10435, ADCYAP1:10472, CAMK4:10544, NPY5R:10559, CNIH2:10625, PDHA2:11145, PGK2:11153, TNNI3:11343, MAST2:11477, PIAS2:11626, NAA11:11830, AURKA:12071, RFC4:12095, PEBP1:12111, PHKG2:12306, CST8:12446, ACE:12599, MLF1:12706, IL13RA2:12976, NPHP1:13149, PAPOLB:13304, CFTR:13364, SYCP1:13785, IP6K1:14090, ZC3H14:14190, PSMG1:14422, BRAF:14427, TOPBP1:14453, ADAD1:14685, SNAP91:14721, RAD17:14882, MTOR:15016, DMC1:15190, GFI1:15423, SLC12A2:15437, IL12RB2:15627, PCSK1N:15948"
"HALLMARK_TGF_BETA_SIGNALING",-0.046616275851538,0.242939374474728,0.891075226656214,53,"SMAD3:171, PPM1A:436, ENG:1315, SKI:1696, KLF10:2063, TGFBR1:2073, LTBP2:2141, ARID4B:2680, XIAP:2820, SLC20A1:2931, SPTBN1:2956, BMP2:2971, SMAD1:3041, MAP3K7:3170, CTNNB1:3416, NOG:3481, PPP1CA:3841, TJP1:3906, IFNGR2:5321, SMAD6:5512, SKIL:5750, CDKN1C:5916, SERPINE1:6557, JUNB:7024, BMPR1A:7081, FURIN:7159, RAB31:7450, CDK9:7495, SMURF1:7648, BMPR2:7892, WWTR1:8063, HIPK2:8122, CDH1:8737, ID2:8790, APC:9110, FNTA:9437, SMAD7:9550, HDAC1:9668, ACVR1:10672, ID1:11004, BCAR3:11134, SMURF2:11615, RHOA:11617, LEFTY2:11700, TGIF1:12422, TRIM33:12492, ID3:12537, TGFB1:13202, PPP1R15A:14166, NCOR2:14573, FKBP1A:14588, THBS1:15085, PMEPA1:15949"
"HALLMARK_TNFA_SIGNALING_VIA_NFKB",0.00692746420407375,0.750548804385572,0.922711990909831,184,"MAP3K8:9, RCAN1:78, PMEPA1:161, CXCL10:363, GCH1:456, CD44:462, CDKN1A:524, MSC:762, BHLHE40:849, TAP1:877, PANX1:908, DUSP5:1048, STAT5A:1129, B4GALT1:1170, NFAT5:1197, ATF3:1499, B4GALT5:1806, TNIP2:1876, IER5:1898, PPP1R15A:1944, NFKB2:2011, MAP2K3:2012, SLC2A3:2027, SGK1:2089, LDLR:2107, IER3:2124, HES1:2201, RELB:2226, DNAJB4:2327, TNFAIP3:2376, TNF:2471, DUSP1:2598, CLCF1:2741, CCL2:2807, DRAM1:2918, BTG2:3279, NFIL3:3360, NR4A2:3477, CEBPB:3579, TNFSF9:3611, RNF19B:3669, TGIF1:3688, MCL1:3913, PLK2:3937, IL1A:4021, YRDC:4046, PTGS2:4064, EFNA1:4162, EGR3:4187, ACKR3:4304, BTG1:4746, IL18:4803, DUSP2:4873, SQSTM1:4879, SOCS3:5102, BCL3:5105, MARCKS:5131, SLC16A6:5175, TNIP1:5178, RELA:5419, G0S2:5440, TRIP10:5473, CD83:5538, GPR183:5656, BCL6:5800, NFE2L2:5890, SIK1:6092, F3:6385, PLAUR:6443, IL6:6454, BTG3:6577, KLF2:6737, DUSP4:6802, NFKB1:6831, PHLDA2:6984, NFKBIE:7058, CXCL11:7088, PER1:7124, CD80:7161, LAMB3:7181, REL:7209, ID2:7320, TNFAIP8:7349, SERPINB8:7396, FOSL2:7417, GADD45B:7506, OLR1:7717, EGR2:7817, SOD2:7877, TNFAIP2:7904, LITAF:7911, SDC4:7956, EGR1:7965, IER2:8196, FUT4:8294, ABCA1:8306, SERPINB2:8324, SPHK1:8328, SLC2A6:8501, IRF1:8631, CFLAR:8664, TNFAIP6:8694, ZBTB10:8768, CSF2:8797, NFKBIA:8822, IFIH1:8957, JUNB:9086, IL12B:9125, IL7R:9167, GEM:9326, CSF1:9340, DENND5A:9360, MXD1:9456, CCND1:9462, BCL2A1:9464, SERPINE1:9553, CCNL1:9633, KLF9:9708, ICAM1:9750, FOSB:10195, FJX1:10289, HBEGF:10339, BIRC3:10355, PDE4B:10488, IL1B:10569, IL6ST:10586, NAMPT:10590, LIF:10656, IFNGR2:10789, NR4A1:10798, SPSB1:10911, MYC:10952, PDLIM5:11043, SAT1:11044, VEGFA:11322, IL15RA:11361, TLR2:11389, TRIB1:11473, ZC3H12A:11507, GFPT2:11607, PHLDA1:11682, PTPRE:11847, CXCL2:11920, TRAF1:11944, AREG:11964, TNC:11986, PTX3:12080, GADD45A:12089, CD69:12212, EHD1:12231, NINJ1:12257, CCRL2:12308, CCL20:12322, PFKFB3:12604, PNRC1:12676, CXCL6:13086, TANK:13116, BMP2:13139, CEBPD:13203, BIRC2:13242, PLPP3:13511, ATP2B1:13565, PLAU:13691, RIPK2:13741, JAG1:13879, NR4A3:14007, IL23A:14044, KLF10:14047, KLF6:14207, INHBA:14492, KYNU:14550, KDM6B:14680, ZFP36:14855, PLEK:14876, FOS:15194, PTGER4:15343, KLF4:15373, ETS2:15491, TNFRSF9:15523, EDN1:15709, JUN:15725, TIPARP:15849, FOSL1:15881, SMAD3:15939"
"HALLMARK_UNFOLDED_PROTEIN_RESPONSE",-0.00418979973739442,0.886607295312136,0.94319925033206,99,"XPOT:155, PREB:284, PAIP1:340, EXOSC4:470, CHAC1:680, ARFGAP1:1001, ASNS:1283, LSM4:1420, EXOC2:1609, ZBTB17:1709, DNAJC3:1772, NOP56:2017, PSAT1:2350, LSM1:2552, DCP2:3159, SERP1:3392, EIF4A2:3394, HSP90B1:3627, CNOT2:3948, STC2:4119, ATF6:4408, HERPUD1:4536, RPS14:4572, GOSR2:4669, DCTN1:4714, VEGFA:4788, PDIA5:5368, XBP1:5385, SLC1A4:5582, YWHAZ:5798, NFYA:5922, CXXC1:5991, MTHFD2:6070, ERN1:6158, EXOSC1:6389, DDIT4:6438, CNOT6:6571, YIF1A:6596, HSPA5:6806, ATF4:6813, NOLC1:6823, EIF2AK3:7147, NABP1:7220, SPCS1:7256, SRPRA:7323, SEC11A:7476, DKC1:7497, DDX10:7762, CNOT4:7787, EIF2S1:7893, EIF4EBP1:7980, KHSRP:8256, RRP9:8354, SEC31A:8482, DNAJB9:8519, SLC30A5:8828, TATDN2:9178, BANF1:9489, EIF4A3:9509, NHP2:9834, EDC4:9881, SHC1:9888, ATP6V0D1:9892, CEBPG:9913, WIPI1:10074, KIF5B:10147, EXOSC9:10440, EEF2:10450, SPCS3:10581, SLC7A5:10626, ALDH18A1:10904, TSPYL2:11187, WFS1:11261, HSPA9:11373, NOP14:11507, IMP3:11837, NFYB:11939, POP4:12080, HYOU1:12083, CEBPB:12531, SSR1:12583, BAG3:12638, CKS1B:12656, NPM1:12880, EXOSC2:13007, EIF4A1:13080, EDEM1:13100, FUS:13243, CCL2:13303, EXOSC5:13426, IGFBP1:13470, PDIA6:13736, CALR:14125, KDELR3:14422, ATF3:14611, FKBP14:15001, EXOSC10:15099, DNAJA4:15221, EIF4G1:15555"
"HALLMARK_UV_RESPONSE_DN",-0.0154957242911847,0.54720944550478,0.922711990909831,130,"DYRK1A:41, SMAD3:171, CELF2:339, PDGFRB:518, RND3:525, CDK13:828, INPP4B:850, PLCB4:988, ANXA4:1076, EFEMP1:1111, MGMT:1157, MAPK14:1601, DLC1:1659, KALRN:1792, ADGRL2:1798, COL5A2:1827, SCN8A:1906, ATRX:2335, TGFBR2:2483, ATP2B1:2545, PLPP3:2599, GJA1:2623, MRPS31:2669, NEK7:2833, PRDM2:2861, RBPMS:3003, ICA1:3019, ERBB2:3078, AKT3:3114, PIAS3:3148, MMP16:3282, PIK3CD:3415, BDNF:3525, DLG1:3743, SDC2:3832, TJP1:3906, MET:3926, PRKCE:4287, PEX14:4404, PRKAR2B:4496, CDKN1B:4609, PTGFR:4851, PDLIM5:5067, ITGB3:5076, MYC:5158, ACVR2A:5195, SFMBT1:5265, CDON:5289, RASA2:5794, NIPBL:5950, INSIG1:6063, SLC22A18:6252, PHF3:6303, SERPINE1:6557, COL1A1:6833, NR3C1:6850, IGFBP5:6873, TFPI:6915, IGF1R:6916, MAP1B:6978, BMPR1A:7081, SCAF8:7475, CAV1:7510, NRP1:7847, COL3A1:7939, RGS4:8281, KCNMA1:8394, COL11A1:8497, APBB2:8536, CDC42BPA:8623, FYN:8684, ATXN1:8711, YTHDC1:8724, GRK5:8915, SIPA1L1:8963, PTPN21:9202, NFKB1:9279, VAV2:9348, SMAD7:9550, BCKDHB:9556, DAB2:9620, DBP:9655, F3:9725, DDAH1:9745, MGLL:9765, LTBP1:9799, COL1A2:9943, LAMC1:9963, HAS2:10169, NOTCH2:10256, ADD3:10657, ZMIZ1:10762, TGFBR3:10806, ID1:11004, PRKCA:11065, ANXA2:11142, SPOP:11145, CAP2:11893, ABCC1:11927, ADORA2B:12355, PPARG:12389, GCNT1:12615, FHL2:12786, SLC7A1:13053, FZD2:13115, IRS1:13120, ATRN:13307, RXRA:13466, DUSP1:13512, MIOS:13623, SYNJ2:13676, PTEN:13692, MTA1:13822, LDLR:14003, LPAR1:14123, VLDLR:14184, WDR37:14293, RUNX1:14403, NR1D2:14461, AMPH:14600, ATP2C1:14716, KIT:14756, ARHGEF9:15173, MAGI2:15205, BHLHE40:15261, SNAI2:15628, CITED2:15641, ATP2B4:15860, CACNA1A:15882, FBLN5:16044"
"HALLMARK_UV_RESPONSE_UP",0.0239384240420778,0.322223840654521,0.891075226656214,148,"PPP1R2:6, DNAJA1:49, LYN:97, NUP58:114, PDAP1:281, ATP6V1F:401, GCH1:456, FMO1:471, RPN1:610, ALAS1:650, HNRNPU:711, RAB27A:845, TAP1:877, CHRNA5:1136, NPTX2:1193, CLCN2:1396, ATF3:1499, EPCAM:1756, MGAT1:1804, WIZ:1860, ATP6V1C1:1904, NPTXR:2117, ENO2:2126, YKT6:2181, TMBIM6:2521, E2F5:2575, CASP3:2589, CDO1:2697, STIP1:2732, COL2A1:2793, SLC6A12:2923, HLA-F:2960, CYB5R1:3121, BTG2:3279, STK25:3280, PRKACA:3474, EIF2S3:3557, SULT1A1:3597, ABCB1:3769, POLE3:3884, CDK2:4251, TFRC:4255, PDLIM3:4415, MAOA:4432, BAK1:4694, EPHX1:4714, BTG1:4746, SQSTM1:4879, FEN1:4913, ONECUT1:5310, APOM:5390, TST:5422, CCK:5690, PRKCD:5766, PARP2:5791, TYRO3:5871, ACAA1:5927, EIF5:5949, HSPA2:6125, RXRB:6176, CEBPG:6197, BID:6262, NXF1:6402, IL6:6454, POLG2:6463, BTG3:6577, GLS:6739, SLC25A4:6812, UROD:7048, PTPRD:7082, POLR2H:7324, AP2S1:7375, CA2:7453, RET:7456, LHX2:7473, CYP1A1:7598, CTSV:7687, C4BPB:7707, HMOX1:7752, PPAT:7797, NKX2-5:7861, SOD2:7877, HSPA13:8035, SPR:8572, IRF1:8631, KLHDC3:8661, NFKBIA:8822, FURIN:8951, JUNB:9086, DDX21:9396, BSG:9433, AMD1:9477, ICAM1:9750, GRPEL1:9789, GAL:9837, SLC6A8:9934, MSX1:10078, GRINA:10111, GGH:10126, TUBA4A:10159, CDKN1C:10194, FOSB:10195, CCNE1:10257, SIGMAR1:10343, RASGRP1:10454, DGAT1:10582, IL6ST:10586, ARRB2:10698, NR4A1:10798, KCNH2:10840, MAPK8IP2:10895, NTRK3:11179, CHKA:11495, BCL2L11:11667, CXCL2:11920, SHOX2:12001, RFC4:12095, FGF18:12099, CLTB:12209, CDC5L:12727, CDC34:12811, PLCL1:13070, BMP2:13139, PPIF:13209, IGFBP2:13287, TGFBRAP1:13512, CYB5B:13749, MMP14:13866, HYAL2:13896, PPT1:14032, DLG4:14145, AGO2:14352, PRPF3:14499, CDKN2B:14508, OLFM1:14514, PSMC3:14573, MARK2:14616, FKBP4:14763, ASNS:14827, TACR3:14877, NAT1:15040, CNP:15115, AQP3:15165, FOS:15194, CREG1:15277, DNAJB1:15410, STARD3:15584, CCND3:16033"
"HALLMARK_WNT_BETA_CATENIN_SIGNALING",0.0354110370503813,0.429119166891106,0.922711990909831,42,"CSNK1E:1443, DVL2:1481, NCOR2:1537, NOTCH1:1653, HDAC2:1682, HDAC5:2086, JAG2:2626, MAML1:3159, FRAT1:3160, NOTCH4:3478, NCSTN:3594, PTCH1:3609, DKK1:3744, PSEN2:3791, FZD8:3811, WNT1:4179, CUL1:4462, DKK4:4540, HEY2:4706, LEF1:5803, HEY1:6666, CCND2:6862, WNT5B:7214, GNAI1:7441, DLL1:8877, TP53:8983, NKD1:9911, AXIN1:10415, ADAM17:10684, WNT6:10841, MYC:10952, HDAC11:11042, TCF7:11629, CTNNB1:12694, AXIN2:12998, RBPJ:13335, NUMB:13508, JAG1:13879, FZD1:14130, PPARD:14945, SKP2:15703, KAT2A:15873"
"HALLMARK_XENOBIOTIC_METABOLISM",0.0445152168435199,0.0395254035938418,0.395254035938418,187,"ACOX2:48, DDT:69, ABHD6:315, RETSAT:388, ADH7:423, GCH1:456, FMO1:471, HPRT1:587, IRF8:605, CYP2S1:627, REG1A:633, ALAS1:650, CAT:857, PTGES:862, HSD17B2:910, LONP1:931, NDRG2:1290, POR:1317, ACP1:1633, FMO3:1755, NQO1:1891, BLVRB:1921, GSTA3:1980, LEAP2:2123, NMT1:2169, TAT:2191, CYFIP2:2210, PTGDS:2227, GAD1:2293, UGDH:2481, TMBIM6:2521, PROS1:2552, ARPP19:2556, DHRS7:2591, VTN:2607, CYP4F2:2630, IGFBP1:2640, PINK1:2685, CDO1:2697, ARG2:2750, PDK4:2874, SLC6A12:2923, SLC6A6:2958, MBL2:3024, IDH1:3150, NFS1:3219, UPB1:3246, ETFDH:3339, CYP2J2:3366, CYB5A:3496, MCCC2:3601, GSR:4003, PTGES3:4011, ENTPD5:4045, CYP17A1:4061, PC:4318, CYP26A1:4343, EPHA2:4397, MAOA:4432, TMEM176B:4487, GCNT2:4563, PLG:4609, EPHX1:4714, UPP1:4898, ABCC2:4920, TGFB2:4928, TKFC:5005, AQP9:5044, TTPA:5125, PTS:5196, TYR:5232, DDAH2:5251, AHCY:5451, CYP27A1:5500, ACOX1:5517, CES1:5648, FAH:5869, GCLC:5996, SLC1A5:6075, CCL25:6190, ACOX3:6234, CROT:6254, CSAD:6336, SAR1B:6450, CYP2E1:6575, ITIH4:6635, FBLN1:6742, PAPSS2:6749, TPST1:6825, CRP:6848, SERPINA6:6849, ECH1:6861, XDH:6879, CNDP2:6899, PYCR1:7001, HACL1:7107, ELOVL5:7146, FABP1:7190, GNMT:7230, CYP1A2:7262, ID2:7320, GABARAPL1:7346, CA2:7453, NPC1:7515, CYP1A1:7598, GSTO1:7640, GSTM4:7641, ALDH2:7730, HMOX1:7752, ESR1:7892, ACP2:8170, DCXR:8312, RBP4:8409, IGFBP4:8709, BCAT1:8727, HES6:8755, SMOX:8779, DDC:8923, COMT:8930, DHRS1:9024, ADH1C:9026, SERTAD1:9107, RAP1GAP:9110, SLC12A4:9315, F11:9411, SERPINE1:9553, ATOH8:9586, TMEM97:9595, ALDH3A1:9686, AKR1C3:9734, TDO2:9899, ALDH9A1:10260, PEMT:10264, ADH5:10364, HGFAC:10459, SPINT2:10466, BCAR1:10543, ACSM1:10575, AOX1:10933, PGRMC1:10995, PDLIM5:11043, LPIN2:11163, ABCD2:11243, ATP2A2:11281, PMM1:11294, GART:11301, GSS:11359, SLC35B1:11419, AP4B1:11439, ASL:11690, ENPEP:11704, VNN1:11877, ARG1:11958, SLC46A3:12026, NINJ1:12257, ABCC3:12386, CDA:12407, HNF4A:12687, CD36:12955, MPP2:12983, ACO2:12993, HSD11B1:13299, MAN1A1:13347, JUP:13720, BPHL:13939, ANGPTL3:14043, SSR3:14127, MTHFD1:14227, SLC22A1:14299, FBP1:14334, PSMB10:14349, PTGR1:14361, KYNU:14550, SLC35D1:14935, PPARD:14945, HRG:15001, IL1R1:15007, CBR1:15028, IGF1:15157, TNFRSF1A:15162, ITIH1:15311, FAS:15328, SHMT2:15455, ETS2:15491, PGD:15524, DHPS:15731, FETUB:15975"
